,filename,bpm_essentia-percival,bpm_essentia-degara,bpm_essentia-multifeature,bpm_MIRtoolbox-classical,bpm_MIRtoolbox-metre,bpm_librosa-beattrack,bpm_librosa-onsets
0,audio/Bach_1_NA_0_Major_flatMIDI.wav,137.8125,137.7795258,137.7795258,92.05121464,137.8090669,92.28515625,92.28515625
0,audio/Bach_1_NA_0_minor_flatMIDI.wav,143.5546875,107.9819489,107.9819489,107.9805902,,107.6660156,107.6660156
0,audio/Bach_1_NA_10_Major_flatMIDI.wav,75.99954224,151.7046051,151.8518066,151.9976046,,151.9990809,151.9990809
0,audio/Bach_1_NA_10_minor_flatMIDI.wav,137.8125,138.1723175,138.1723175,69.0094838,68.99915022,68.90625,68.90625
0,audio/Bach_1_NA_11_Major_flatMIDI.wav,131.6679993,131.7667236,131.86026,88.08500406,131.936292,132.5120192,132.5120192
0,audio/Bach_1_NA_11_minor_flatMIDI.wav,137.8125,137.7795258,137.7795258,137.7541194,138.0087652,68.90625,139.6748311
0,audio/Bach_1_NA_1_Major_flatMIDI.wav,88.34134674,178.20578,132.242569,131.8308125,87.81734546,132.5120192,132.5120192
0,audio/Bach_1_NA_1_minor_flatMIDI.wav,88.34134674,87.9776535,87.9776535,174.8749523,58.67000014,87.59269068,87.59269068
0,audio/Bach_1_NA_2_Major_flatMIDI.wav,131.6679993,130.7893677,130.3515167,131.9921418,131.9661628,132.5120192,132.5120192
0,audio/Bach_1_NA_2_minor_flatMIDI.wav,151.9990845,75.99952698,75.99952698,76.09900823,75.99051488,75.99954044,75.99954044
0,audio/Bach_1_NA_3_Major_flatMIDI.wav,137.8125,137.9419708,137.9419708,92.08347914,137.7219228,92.28515625,139.6748311
0,audio/Bach_1_NA_3_minor_flatMIDI.wav,144.0548706,143.9777527,143.9777527,142.949826,35.9868164,143.5546875,143.5546875
0,audio/Bach_1_NA_4_Major_flatMIDI.wav,103.359375,103.4454498,103.4885025,103.7035867,103.4824654,103.359375,103.359375
0,audio/Bach_1_NA_4_minor_flatMIDI.wav,100.3489075,99.97454834,100.0063705,107.9636218,99.9920769,99.38401442,99.38401442
0,audio/Bach_1_NA_5_Major_flatMIDI.wav,108.2297134,107.9523315,108.000061,107.9850616,,107.6660156,107.6660156
0,audio/Bach_1_NA_5_minor_flatMIDI.wav,92.28515625,91.96705627,91.96705627,182.8439321,91.98921912,92.28515625,92.28515625
0,audio/Bach_1_NA_6_Major_flatMIDI.wav,126.0480194,126.0119705,125.9909439,83.96272212,125.8420112,126.0480183,126.0480183
0,audio/Bach_1_NA_6_minor_flatMIDI.wav,88.34134674,178.2058105,87.97025299,175.9630689,88.02806038,87.59269068,117.4538352
0,audio/Bach_1_NA_7_Major_flatMIDI.wav,80.12354279,119.9847107,119.894783,79.96604294,119.9830585,120.1853198,120.1853198
0,audio/Bach_1_NA_7_minor_flatMIDI.wav,80.12354279,161.4989471,161.552124,158.9713112,79.99939957,79.50721154,79.50721154
0,audio/Bach_1_NA_8_Major_flatMIDI.wav,88.34134674,87.97025299,87.97025299,175.8903337,58.68609724,178.205819,178.205819
0,audio/Bach_1_NA_8_minor_flatMIDI.wav,111.7398682,111.9168854,111.9508286,112.1598696,111.9551858,112.3471467,112.3471467
0,audio/Bach_1_NA_9_Major_flatMIDI.wav,80.12354279,161.4989624,161.4989624,159.9240712,79.99060395,161.4990234,161.4990234
0,audio/Bach_1_NA_9_minor_flatMIDI.wav,114.2092514,114.0115585,114.0115662,114.3223852,114.1013923,114.84375,114.84375
0,audio/bachAshk2006/Bach_1_Ashkenazy_0_Major_bachAshk2006.wav,114.2092514,111.2195435,111.4408722,76.01923561,114.059864,191.40625,114.84375
0,audio/bachAshk2006/Bach_1_Ashkenazy_0_minor_bachAshk2006.wav,117.4538345,117.089653,117.4781189,117.4337461,,58.72691761,117.4538352
0,audio/bachAshk2006/Bach_1_Ashkenazy_10_Major_bachAshk2006.wav,82.6875,164.3592224,163.6797943,164.7691768,166.2391145,166.7086694,166.7086694
0,audio/bachAshk2006/Bach_1_Ashkenazy_10_minor_bachAshk2006.wav,150.8896027,151.282547,151.282547,73.74399929,76.4647464,71.77734375,147.65625
0,audio/bachAshk2006/Bach_1_Ashkenazy_11_Major_bachAshk2006.wav,74.35926056,111.7126923,110.3078079,153.5663726,,79.50721154,112.3471467
0,audio/bachAshk2006/Bach_1_Ashkenazy_11_minor_bachAshk2006.wav,129.1992188,129.6355438,131.7855682,129.1178509,64.6603441,66.25600962,129.1992188
0,audio/bachAshk2006/Bach_1_Ashkenazy_1_Major_bachAshk2006.wav,98.4375,184.5703278,184.5703278,96.06909837,,143.5546875,143.5546875
0,audio/bachAshk2006/Bach_1_Ashkenazy_1_minor_bachAshk2006.wav,83.35433197,162.769577,151.9369812,161.1799356,164.8578759,166.7086694,166.7086694
0,audio/bachAshk2006/Bach_1_Ashkenazy_2_Major_bachAshk2006.wav,149.7961884,148.6660156,148.6570587,149.2081778,,120.1853198,120.1853198
0,audio/bachAshk2006/Bach_1_Ashkenazy_2_minor_bachAshk2006.wav,89.1029129,178.2058716,178.2058716,177.1316188,177.6367693,178.205819,178.205819
0,audio/bachAshk2006/Bach_1_Ashkenazy_3_Major_bachAshk2006.wav,79.50720978,161.4989624,161.4989624,148.28075,,147.65625,156.6051136
0,audio/bachAshk2006/Bach_1_Ashkenazy_3_minor_bachAshk2006.wav,74.89809418,116.6600952,117.2977829,131.8236101,129.5032709,123.046875,126.0480183
0,audio/bachAshk2006/Bach_1_Ashkenazy_4_Major_bachAshk2006.wav,96.59754944,95.93383789,95.93383789,189.7073522,96.38259533,83.35433468,97.50884434
0,audio/bachAshk2006/Bach_1_Ashkenazy_4_minor_bachAshk2006.wav,101.3327179,101.3836212,101.9522858,104.2196944,103.0278757,97.50884434,105.46875
0,audio/bachAshk2006/Bach_1_Ashkenazy_5_Major_bachAshk2006.wav,80.74951172,120.4136505,120.4787445,119.8470428,121.0256401,120.1853198,120.1853198
0,audio/bachAshk2006/Bach_1_Ashkenazy_5_minor_bachAshk2006.wav,137.8125,135.660675,135.9217224,138.2390497,137.2946107,143.5546875,135.9991776
0,audio/bachAshk2006/Bach_1_Ashkenazy_6_Major_bachAshk2006.wav,132.5120239,135.5346527,132.6428223,130.8777509,133.4330761,90.66611842,132.5120192
0,audio/bachAshk2006/Bach_1_Ashkenazy_6_minor_bachAshk2006.wav,101.3327179,100.8993683,100.5910492,134.5218356,101.248664,101.3327206,101.3327206
0,audio/bachAshk2006/Bach_1_Ashkenazy_7_Major_bachAshk2006.wav,95.703125,96.63983917,96.63983917,118.5374037,,191.40625,117.4538352
0,audio/bachAshk2006/Bach_1_Ashkenazy_7_minor_bachAshk2006.wav,78.3025589,153.0848236,153.0848236,154.2915609,156.5185641,78.30255682,156.6051136
0,audio/bachAshk2006/Bach_1_Ashkenazy_8_Major_bachAshk2006.wav,79.20258331,118.0416565,118.0352707,78.26786021,117.3615901,120.1853198,117.4538352
0,audio/bachAshk2006/Bach_1_Ashkenazy_8_minor_bachAshk2006.wav,100.3489075,98.97409058,99.9208374,104.8183748,100.3320494,206.71875,101.3327206
0,audio/bachAshk2006/Bach_1_Ashkenazy_9_Major_bachAshk2006.wav,77.71381378,153.4713287,153.4713287,155.5878764,155.3930604,151.9990809,156.6051136
0,audio/bachAshk2006/Bach_1_Ashkenazy_9_minor_bachAshk2006.wav,128.3967438,128.6955719,128.6955719,130.1891522,128.1494243,84.72079918,129.1992188
0,audio/bachAshk2006Deadpan/Bach_1_Ashkenazy_0_Major_bachAshk2006Deadpan.wav,111.7398682,111.7319107,111.6917419,74.47958792,111.6190377,112.3471467,112.3471467
0,audio/bachAshk2006Deadpan/Bach_1_Ashkenazy_0_minor_bachAshk2006Deadpan.wav,116.7902527,116.7337875,116.6148529,116.5916826,116.4317932,117.4538352,117.4538352
0,audio/bachAshk2006Deadpan/Bach_1_Ashkenazy_10_Major_bachAshk2006Deadpan.wav,82.03125,164.4479065,163.6214752,163.7198764,162.5963248,82.03125,109.9567819
0,audio/bachAshk2006Deadpan/Bach_1_Ashkenazy_10_minor_bachAshk2006Deadpan.wav,75.17045593,75.21837616,75.21786499,75.21814941,75.20594492,74.89809783,74.89809783
0,audio/bachAshk2006Deadpan/Bach_1_Ashkenazy_11_Major_bachAshk2006Deadpan.wav,112.3471451,112.1877518,112.1877518,149.8047518,149.660856,112.3471467,112.3471467
0,audio/bachAshk2006Deadpan/Bach_1_Ashkenazy_11_minor_bachAshk2006Deadpan.wav,126.8213196,126.7159958,126.708725,126.6090798,126.7181079,126.0480183,126.0480183
0,audio/bachAshk2006Deadpan/Bach_1_Ashkenazy_1_Major_bachAshk2006Deadpan.wav,99.38401794,148.8625946,148.8625946,149.2871691,,99.38401442,99.38401442
0,audio/bachAshk2006Deadpan/Bach_1_Ashkenazy_1_minor_bachAshk2006Deadpan.wav,148.7185211,148.2645416,148.2645416,148.504912,49.42374697,147.65625,147.65625
0,audio/bachAshk2006Deadpan/Bach_1_Ashkenazy_2_Major_bachAshk2006Deadpan.wav,149.7961884,150.3906097,150.3906097,149.647701,,74.89809783,120.1853198
0,audio/bachAshk2006Deadpan/Bach_1_Ashkenazy_2_minor_bachAshk2006Deadpan.wav,88.34134674,88.39814758,88.39814758,176.9676641,88.42690196,178.205819,178.205819
0,audio/bachAshk2006Deadpan/Bach_1_Ashkenazy_3_Major_bachAshk2006Deadpan.wav,144.5585632,144.3485565,144.3485565,144.2398194,144.2495014,143.5546875,143.5546875
0,audio/bachAshk2006Deadpan/Bach_1_Ashkenazy_3_minor_bachAshk2006Deadpan.wav,116.4612656,116.2598572,116.3592834,116.601635,29.08515266,117.4538352,117.4538352
0,audio/bachAshk2006Deadpan/Bach_1_Ashkenazy_4_Major_bachAshk2006Deadpan.wav,94.82511139,94.57099915,94.57099915,188.2739459,94.51895975,191.40625,93.96306818
0,audio/bachAshk2006Deadpan/Bach_1_Ashkenazy_4_minor_bachAshk2006Deadpan.wav,98.4375,98.64739227,98.748909,99.08985519,98.8159941,99.38401442,99.38401442
0,audio/bachAshk2006Deadpan/Bach_1_Ashkenazy_5_Major_bachAshk2006Deadpan.wav,80.12354279,120.0269699,120.0071564,120.0245905,119.9707189,120.1853198,120.1853198
0,audio/bachAshk2006Deadpan/Bach_1_Ashkenazy_5_minor_bachAshk2006Deadpan.wav,135.1102905,135.5010834,135.5010834,135.0199511,135.5838073,135.9991776,135.9991776
0,audio/bachAshk2006Deadpan/Bach_1_Ashkenazy_6_Major_bachAshk2006Deadpan.wav,88.72049713,132.9099884,132.9099884,88.77386682,132.9060632,89.10290948,132.5120192
0,audio/bachAshk2006Deadpan/Bach_1_Ashkenazy_6_minor_bachAshk2006Deadpan.wav,100.3489075,100.1634979,100.1634979,100.1088381,100.1010955,99.38401442,99.38401442
0,audio/bachAshk2006Deadpan/Bach_1_Ashkenazy_7_Major_bachAshk2006Deadpan.wav,96.59754944,96.00086212,96.72634125,193.6176128,96.7660861,97.50884434,97.50884434
0,audio/bachAshk2006Deadpan/Bach_1_Ashkenazy_7_minor_bachAshk2006Deadpan.wav,76.5625,153.5467224,153.5467224,153.4920167,153.6336377,77.13386194,151.9990809
0,audio/bachAshk2006Deadpan/Bach_1_Ashkenazy_8_Major_bachAshk2006Deadpan.wav,78.60028839,117.95047,117.95047,78.56054766,117.8735295,78.30255682,117.4538352
0,audio/bachAshk2006Deadpan/Bach_1_Ashkenazy_8_minor_bachAshk2006Deadpan.wav,96.59754944,96.48822784,96.48822784,192.7635045,96.50953251,95.703125,95.703125
0,audio/bachAshk2006Deadpan/Bach_1_Ashkenazy_9_Major_bachAshk2006Deadpan.wav,77.13386536,153.930603,153.930603,102.6843846,153.9179367,151.9990809,151.9990809
0,audio/bachAshk2006Deadpan/Bach_1_Ashkenazy_9_minor_bachAshk2006Deadpan.wav,128.3967438,128.0870361,128.6909943,128.7167587,128.1395541,129.1992188,129.1992188
0,audio/bachBarenboim2006/Bach_1_Barenboim_0_Major_bachBarenboim2006.wav,90.66611481,122.3414764,122.8607788,121.16076,91.15360631,178.5714286,120.9677419
0,audio/bachBarenboim2006/Bach_1_Barenboim_0_minor_bachBarenboim2006.wav,131.6679993,130.1159973,131.6268158,133.3819216,66.3396542,66.96428571,133.9285714
0,audio/bachBarenboim2006/Bach_1_Barenboim_10_Major_bachBarenboim2006.wav,89.1029129,163.2355347,178.2057648,178.7005908,176.7002358,170.4545455,120.9677419
0,audio/bachBarenboim2006/Bach_1_Barenboim_10_minor_bachBarenboim2006.wav,85.42097473,81.96173096,81.96173096,87.32469342,86.21921407,87.20930233,163.0434783
0,audio/bachBarenboim2006/Bach_1_Barenboim_11_Major_bachBarenboim2006.wav,128.3967438,128.4702606,128.8376465,128.2749129,51.36514202,117.1875,129.3103448
0,audio/bachBarenboim2006/Bach_1_Barenboim_11_minor_bachBarenboim2006.wav,99.38401794,98.73104858,98.73104858,98.01806942,48.97885446,48.7012987,98.68421053
0,audio/bachBarenboim2006/Bach_1_Barenboim_1_Major_bachBarenboim2006.wav,82.6875,163.73172,163.73172,130.4448995,85.89322582,125,125
0,audio/bachBarenboim2006/Bach_1_Barenboim_1_minor_bachBarenboim2006.wav,89.87771606,172.265564,165.5510406,167.6508677,87.48631379,144.2307692,178.5714286
0,audio/bachBarenboim2006/Bach_1_Barenboim_2_Major_bachBarenboim2006.wav,68.44992065,135.1848755,136.5032043,137.7787476,135.828282,68.18181818,133.9285714
0,audio/bachBarenboim2006/Bach_1_Barenboim_2_minor_bachBarenboim2006.wav,99.38401794,132.2694092,132.2694092,129.9009683,101.5946569,81.52173913,133.9285714
0,audio/bachBarenboim2006/Bach_1_Barenboim_3_Major_bachBarenboim2006.wav,72.78829193,126.5050354,151.7276001,141.438575,141.2491031,144.2307692,144.2307692
0,audio/bachBarenboim2006/Bach_1_Barenboim_3_minor_bachBarenboim2006.wav,62.64204407,126.6623383,126.6623383,118.2307975,31.15350527,120.9677419,117.1875
0,audio/bachBarenboim2006/Bach_1_Barenboim_4_Major_bachBarenboim2006.wav,133.3669281,134.9899139,134.9899139,132.0848078,134.4928702,129.3103448,133.9285714
0,audio/bachBarenboim2006/Bach_1_Barenboim_4_minor_bachBarenboim2006.wav,98.4375,126.2242203,106.2948685,76.3366151,,220.5882353,113.6363636
0,audio/bachBarenboim2006/Bach_1_Barenboim_5_Major_bachBarenboim2006.wav,77.71381378,115.5455551,117.1946259,117.8717738,117.6050884,117.1875,117.1875
0,audio/bachBarenboim2006/Bach_1_Barenboim_5_minor_bachBarenboim2006.wav,103.359375,106.5019608,106.5633926,104.936136,103.8445074,110.2941176,107.1428571
0,audio/bachBarenboim2006/Bach_1_Barenboim_6_Major_bachBarenboim2006.wav,95.703125,143.5975952,143.5975952,95.24978782,143.9419469,288.4615385,144.2307692
0,audio/bachBarenboim2006/Bach_1_Barenboim_6_minor_bachBarenboim2006.wav,101.3327179,133.3837891,101.5243225,101.3560738,100.8471763,98.68421053,101.3513514
0,audio/bachBarenboim2006/Bach_1_Barenboim_7_Major_bachBarenboim2006.wav,90.66611481,184.5703583,178.2058563,91.07317657,,178.5714286,133.9285714
0,audio/bachBarenboim2006/Bach_1_Barenboim_7_minor_bachBarenboim2006.wav,82.6875,163.329361,163.9938354,163.0237501,,156.25,163.0434783
0,audio/bachBarenboim2006/Bach_1_Barenboim_8_Major_bachBarenboim2006.wav,93.9630661,184.5703125,184.5703125,178.9898828,92.81868937,96.15384615,96.15384615
0,audio/bachBarenboim2006/Bach_1_Barenboim_8_minor_bachBarenboim2006.wav,98.4375,95.04984283,96.92074585,106.7966669,97.34300697,197.3684211,98.68421053
0,audio/bachBarenboim2006/Bach_1_Barenboim_9_Major_bachBarenboim2006.wav,124.5293655,125.8397751,123.7294922,119.6380029,52.81375397,129.3103448,125
0,audio/bachBarenboim2006/Bach_1_Barenboim_9_minor_bachBarenboim2006.wav,75.44480133,100.6518478,100.7157135,147.1341322,,150,150
0,audio/bachDemaria2015/Bach_1_De-Maria_0_Major_bachDemaria2015.wav,140.625,140.4593811,143.0863342,94.39022097,139.5652935,77.13386194,139.6748311
0,audio/bachDemaria2015/Bach_1_De-Maria_0_minor_bachDemaria2015.wav,122.3187866,122.4187164,122.2791443,123.2239059,,61.5234375,123.046875
0,audio/bachDemaria2015/Bach_1_De-Maria_10_Major_bachDemaria2015.wav,82.6875,163.2355957,163.434021,163.2024198,164.4063763,161.4990234,161.4990234
0,audio/bachDemaria2015/Bach_1_De-Maria_10_minor_bachDemaria2015.wav,80.12354279,80.09989166,80.57779694,82.63823833,26.54341228,143.5546875,161.4990234
0,audio/bachDemaria2015/Bach_1_De-Maria_11_Major_bachDemaria2015.wav,83.35433197,164.4378357,172.2656403,109.5460341,166.8396613,83.35433468,109.9567819
0,audio/bachDemaria2015/Bach_1_De-Maria_11_minor_bachDemaria2015.wav,85.42097473,172.2655487,172.2655487,173.3377735,85.77473578,86.1328125,84.72079918
0,audio/bachDemaria2015/Bach_1_De-Maria_1_Major_bachDemaria2015.wav,80.74951172,119.9381943,119.9381943,120.5624867,121.4909523,120.1853198,120.1853198
0,audio/bachDemaria2015/Bach_1_De-Maria_1_minor_bachDemaria2015.wav,94.82511139,83.52848053,89.9834137,68.40528465,65.31662029,184.5703125,117.4538352
0,audio/bachDemaria2015/Bach_1_De-Maria_2_Major_bachDemaria2015.wav,130.011795,129.8833466,129.2121735,131.1532879,65.09641105,65.41732595,129.1992188
0,audio/bachDemaria2015/Bach_1_De-Maria_2_minor_bachDemaria2015.wav,80.74951172,162.4461823,162.3672791,162.2392103,161.2722276,166.7086694,161.4990234
0,audio/bachDemaria2015/Bach_1_De-Maria_3_Major_bachDemaria2015.wav,80.12354279,152.4728241,152.4728241,78.22247778,,166.7086694,161.4990234
0,audio/bachDemaria2015/Bach_1_De-Maria_3_minor_bachDemaria2015.wav,94.82511139,80.00053406,78.50580597,174.442607,42.66553386,198.7680288,126.0480183
0,audio/bachDemaria2015/Bach_1_De-Maria_4_Major_bachDemaria2015.wav,105.46875,108.4973297,108.1933212,110.1345406,109.8760102,224.6942935,109.9567819
0,audio/bachDemaria2015/Bach_1_De-Maria_4_minor_bachDemaria2015.wav,104.4034119,107.5178299,104.0616608,104.1438596,,215.3320313,107.6660156
0,audio/bachDemaria2015/Bach_1_De-Maria_5_Major_bachDemaria2015.wav,77.71381378,117.1681824,115.6087341,116.8697668,118.0021896,112.3471467,117.4538352
0,audio/bachDemaria2015/Bach_1_De-Maria_5_minor_bachDemaria2015.wav,89.87771606,178.2058868,184.5702972,178.2821861,90.11644577,172.265625,178.205819
0,audio/bachDemaria2015/Bach_1_De-Maria_6_Major_bachDemaria2015.wav,114.2092514,114.3278275,114.3227539,114.1499446,115.1778248,75.99954044,114.84375
0,audio/bachDemaria2015/Bach_1_De-Maria_6_minor_bachDemaria2015.wav,115.4853363,116.811409,116.5141907,116.0544754,116.3438614,117.4538352,114.84375
0,audio/bachDemaria2015/Bach_1_De-Maria_7_Major_bachDemaria2015.wav,94.82511139,94.99204254,94.99204254,186.512525,47.4564667,191.40625,95.703125
0,audio/bachDemaria2015/Bach_1_De-Maria_7_minor_bachDemaria2015.wav,77.71381378,154.3789215,152.2487488,77.20905992,153.9506051,97.50884434,151.9990809
0,audio/bachDemaria2015/Bach_1_De-Maria_8_Major_bachDemaria2015.wav,71.77734375,107.9088135,107.7414932,72.22673034,108.1980837,109.9567819,109.9567819
0,audio/bachDemaria2015/Bach_1_De-Maria_8_minor_bachDemaria2015.wav,131.6679993,130.0453949,129.4338226,129.6969501,133.1427843,90.66611842,132.5120192
0,audio/bachDemaria2015/Bach_1_De-Maria_9_Major_bachDemaria2015.wav,88.34134674,178.2059021,178.2059021,171.1794198,88.39389295,178.205819,89.10290948
0,audio/bachDemaria2015/Bach_1_De-Maria_9_minor_bachDemaria2015.wav,64.80211639,97.2456665,97.2456665,94.99659428,32.59063836,93.96306818,143.5546875
0,audio/bachDemaria2015Deadpan/Bach_1_De-Maria_0_Major_bachDemaria2015Deadpan.wav,139.6748352,93.02176666,93.02176666,93.04333338,139.5407582,139.6748311,139.6748311
0,audio/bachDemaria2015Deadpan/Bach_1_De-Maria_0_minor_bachDemaria2015Deadpan.wav,119.4906082,161.4989929,119.5024643,119.6471684,119.7333568,120.1853198,120.1853198
0,audio/bachDemaria2015Deadpan/Bach_1_De-Maria_10_Major_bachDemaria2015Deadpan.wav,81.38533783,108.2247009,162.2567596,162.1384566,162.3989845,161.4990234,161.4990234
0,audio/bachDemaria2015Deadpan/Bach_1_De-Maria_10_minor_bachDemaria2015Deadpan.wav,78.3025589,78.34141541,78.34141541,78.36901532,78.35852537,78.30255682,78.30255682
0,audio/bachDemaria2015Deadpan/Bach_1_De-Maria_11_Major_bachDemaria2015Deadpan.wav,80.74951172,107.7777252,107.7801514,107.8445066,161.7167553,107.6660156,107.6660156
0,audio/bachDemaria2015Deadpan/Bach_1_De-Maria_11_minor_bachDemaria2015Deadpan.wav,85.42097473,172.2655792,172.2655792,170.1474786,85.12036855,84.72079918,84.72079918
0,audio/bachDemaria2015Deadpan/Bach_1_De-Maria_1_Major_bachDemaria2015Deadpan.wav,156.6051178,117.4538422,117.4538422,117.582259,117.43839,117.4538352,117.4538352
0,audio/bachDemaria2015Deadpan/Bach_1_De-Maria_1_minor_bachDemaria2015Deadpan.wav,67.33509827,100.9107819,100.824379,100.5641127,100.8826467,101.3327206,101.3327206
0,audio/bachDemaria2015Deadpan/Bach_1_De-Maria_2_Major_bachDemaria2015Deadpan.wav,130.011795,129.656189,129.6561737,129.7631136,129.9476629,129.1992188,129.1992188
0,audio/bachDemaria2015Deadpan/Bach_1_De-Maria_2_minor_bachDemaria2015Deadpan.wav,78.90028381,156.0933533,156.0933533,158.3815607,158.2721015,156.6051136,156.6051136
0,audio/bachDemaria2015Deadpan/Bach_1_De-Maria_3_Major_bachDemaria2015Deadpan.wav,145.5765839,145.6716156,145.6054688,145.7430775,145.6777505,97.50884434,97.50884434
0,audio/bachDemaria2015Deadpan/Bach_1_De-Maria_3_minor_bachDemaria2015Deadpan.wav,76.84712219,153.6216888,153.6216888,153.0420526,38.40808422,151.9990809,151.9990809
0,audio/bachDemaria2015Deadpan/Bach_1_De-Maria_4_Major_bachDemaria2015Deadpan.wav,107.6660156,107.5704498,107.5704498,107.9019022,107.4686916,107.6660156,107.6660156
0,audio/bachDemaria2015Deadpan/Bach_1_De-Maria_4_minor_bachDemaria2015Deadpan.wav,102.3360138,101.9211044,101.8884048,101.9480457,101.9489023,101.3327206,101.3327206
0,audio/bachDemaria2015Deadpan/Bach_1_De-Maria_5_Major_bachDemaria2015Deadpan.wav,78.3025589,116.9998703,117.0566101,117.0767294,116.9359781,117.4538352,117.4538352
0,audio/bachDemaria2015Deadpan/Bach_1_De-Maria_5_minor_bachDemaria2015Deadpan.wav,88.34134674,88.2999115,88.2999115,176.2238509,88.30767014,178.205819,178.205819
0,audio/bachDemaria2015Deadpan/Bach_1_De-Maria_6_Major_bachDemaria2015Deadpan.wav,76.27998352,114.2590942,113.3457947,76.25028894,114.3303414,114.84375,114.84375
0,audio/bachDemaria2015Deadpan/Bach_1_De-Maria_6_minor_bachDemaria2015Deadpan.wav,115.4853363,115.2068787,116.3189926,115.7554157,115.3827524,114.84375,114.84375
0,audio/bachDemaria2015Deadpan/Bach_1_De-Maria_7_Major_bachDemaria2015Deadpan.wav,95.703125,95.23911285,95.23911285,190.2002268,95.31993138,95.703125,95.703125
0,audio/bachDemaria2015Deadpan/Bach_1_De-Maria_7_minor_bachDemaria2015Deadpan.wav,145.5765839,145.0218964,145.0218964,145.3342997,145.1836536,72.78829225,143.5546875
0,audio/bachDemaria2015Deadpan/Bach_1_De-Maria_8_Major_bachDemaria2015Deadpan.wav,71.77734375,107.666008,107.6659927,71.6945656,107.6883203,107.6660156,107.6660156
0,audio/bachDemaria2015Deadpan/Bach_1_De-Maria_8_minor_bachDemaria2015Deadpan.wav,129.1992188,128.9252319,128.9927521,128.7556465,128.9180582,129.1992188,129.1992188
0,audio/bachDemaria2015Deadpan/Bach_1_De-Maria_9_Major_bachDemaria2015Deadpan.wav,87.59268951,178.2058868,178.2058868,117.762696,87.96698054,87.59269068,117.4538352
0,audio/bachDemaria2015Deadpan/Bach_1_De-Maria_9_minor_bachDemaria2015Deadpan.wav,147.65625,98.10864258,98.02023315,147.1119213,147.180092,97.50884434,147.65625
0,audio/bachDemus1970/Bach_1_Demus_0_Major_bachDemus1970.wav,136.8998413,136.8787842,135.7925873,91.21225832,135.5454394,90.66611842,135.9991776
0,audio/bachDemus1970/Bach_1_Demus_0_minor_bachDemus1970.wav,123.046875,123.3381958,123.3381958,124.831319,29.22064353,70.79409247,123.046875
0,audio/bachDemus1970/Bach_1_Demus_10_Major_bachDemus1970.wav,78.3025589,153.0813599,155.0370331,125.7081571,161.3114463,156.6051136,156.6051136
0,audio/bachDemus1970/Bach_1_Demus_10_minor_bachDemus1970.wav,134.2329559,136.2731628,136.0498962,133.2997589,67.35192174,132.5120192,132.5120192
0,audio/bachDemus1970/Bach_1_Demus_11_Major_bachDemus1970.wav,135.1102905,135.3142548,136.1163788,89.30493277,133.9835066,258.3984375,135.9991776
0,audio/bachDemus1970/Bach_1_Demus_11_minor_bachDemus1970.wav,145.5765839,144.5667267,144.5667267,145.5632475,36.41091475,75.99954044,143.5546875
0,audio/bachDemus1970/Bach_1_Demus_1_Major_bachDemus1970.wav,89.87771606,123.0468826,123.0468826,139.0645362,135.7526795,89.10290948,135.9991776
0,audio/bachDemus1970/Bach_1_Demus_1_minor_bachDemus1970.wav,97.50884247,178.2059326,178.2059326,181.8881143,95.902767,184.5703125,99.38401442
0,audio/bachDemus1970/Bach_1_Demus_2_Major_bachDemus1970.wav,67.55514526,134.338623,132.9583435,134.1760892,,143.5546875,135.9991776
0,audio/bachDemus1970/Bach_1_Demus_2_minor_bachDemus1970.wav,149.7961884,144.2928314,147.5597229,146.7652722,,147.65625,147.65625
0,audio/bachDemus1970/Bach_1_Demus_3_Major_bachDemus1970.wav,138.7374115,136.2145691,136.2145691,91.53608521,32.60677215,92.28515625,139.6748311
0,audio/bachDemus1970/Bach_1_Demus_3_minor_bachDemus1970.wav,72.27928162,96.00544739,142.6124268,141.595979,125.2423556,143.5546875,143.5546875
0,audio/bachDemus1970/Bach_1_Demus_4_Major_bachDemus1970.wav,104.4034119,111.9806442,111.5548325,73.55229575,110.2826503,73.828125,112.3471467
0,audio/bachDemus1970/Bach_1_Demus_4_minor_bachDemus1970.wav,86.85662079,172.2655334,172.2655334,165.6181451,164.3740205,135.9991776,172.265625
0,audio/bachDemus1970/Bach_1_Demus_5_Major_bachDemus1970.wav,105.46875,109.0111313,108.9947281,108.8206571,107.0879206,109.9567819,107.6660156
0,audio/bachDemus1970/Bach_1_Demus_5_minor_bachDemus1970.wav,104.4034119,108.73246,108.8966446,106.9333782,107.7913997,75.99954044,107.6660156
0,audio/bachDemus1970/Bach_1_Demus_6_Major_bachDemus1970.wav,104.4034119,108.8071976,108.8071976,72.41075118,108.1538839,73.828125,107.6660156
0,audio/bachDemus1970/Bach_1_Demus_6_minor_bachDemus1970.wav,100.3489075,101.0434113,100.6385498,135.5392445,100.9478206,101.3327206,101.3327206
0,audio/bachDemus1970/Bach_1_Demus_7_Major_bachDemus1970.wav,94.82511139,96.32888794,96.53250122,189.1608268,94.45050475,178.205819,95.703125
0,audio/bachDemus1970/Bach_1_Demus_7_minor_bachDemus1970.wav,76.5625,152.1546478,152.1546478,154.9517653,152.7963439,75.99954044,151.9990809
0,audio/bachDemus1970/Bach_1_Demus_8_Major_bachDemus1970.wav,79.50720978,161.4990387,161.4990387,156.3904495,158.4100506,79.50721154,156.6051136
0,audio/bachDemus1970/Bach_1_Demus_8_minor_bachDemus1970.wav,113.5817337,112.2806015,111.6071701,113.3238656,112.8209079,112.3471467,114.84375
0,audio/bachDemus1970/Bach_1_Demus_9_Major_bachDemus1970.wav,98.4375,99.04045105,99.04045105,132.948314,99.01802885,93.96306818,99.38401442
0,audio/bachDemus1970/Bach_1_Demus_9_minor_bachDemus1970.wav,120.185318,119.9107437,117.8978958,120.4926609,121.4801624,79.50721154,120.1853198
0,audio/bachFischer1934/Bach_1_Fischer_0_Major_bachFischer1934.wav,102.3360138,102.7614136,102.7614136,134.4329858,,135.9991776,135.9991776
0,audio/bachFischer1934/Bach_1_Fischer_0_minor_bachFischer1934.wav,69.36870575,136.333313,136.0319366,140.2539192,137.6745244,135.9991776,135.9991776
0,audio/bachFischer1934/Bach_1_Fischer_10_Major_bachFischer1934.wav,89.87771606,117.4648743,117.4648743,152.0141285,84.6288372,105.46875,120.1853198
0,audio/bachFischer1934/Bach_1_Fischer_10_minor_bachFischer1934.wav,128.3967438,132.619278,123.4405212,127.3499662,116.1195797,126.0480183,123.046875
0,audio/bachFischer1934/Bach_1_Fischer_11_Major_bachFischer1934.wav,67.11647797,133.0853577,135.4621429,93.14676379,134.1803232,143.5546875,135.9991776
0,audio/bachFischer1934/Bach_1_Fischer_11_minor_bachFischer1934.wav,137.8125,136.9765167,136.7727509,137.4337952,68.90511007,139.6748311,135.9991776
0,audio/bachFischer1934/Bach_1_Fischer_1_Major_bachFischer1934.wav,80.74951172,123.0778809,98.085289,124.0851746,46.84374476,166.7086694,123.046875
0,audio/bachFischer1934/Bach_1_Fischer_1_minor_bachFischer1934.wav,82.03125,162.7748566,163.3294067,166.1717117,160.1002143,161.4990234,132.5120192
0,audio/bachFischer1934/Bach_1_Fischer_2_Major_bachFischer1934.wav,93.11655426,141.9822083,141.6816559,70.47515743,46.43785813,139.6748311,139.6748311
0,audio/bachFischer1934/Bach_1_Fischer_2_minor_bachFischer1934.wav,80.12354279,152.6249847,152.6249847,147.2542068,157.6655064,156.6051136,123.046875
0,audio/bachFischer1934/Bach_1_Fischer_3_Major_bachFischer1934.wav,85.42097473,172.2656555,172.2656555,69.52095205,65.45636429,172.265625,114.84375
0,audio/bachFischer1934/Bach_1_Fischer_3_minor_bachFischer1934.wav,81.38533783,118.1754837,118.1754837,111.9468991,147.2106639,78.30255682,120.1853198
0,audio/bachFischer1934/Bach_1_Fischer_4_Major_bachFischer1934.wav,97.50884247,144.7103424,147.6200562,150.6364757,37.90579094,147.65625,147.65625
0,audio/bachFischer1934/Bach_1_Fischer_4_minor_bachFischer1934.wav,123.7836838,123.3351517,114.8113937,123.160748,54.10348219,120.1853198,120.1853198
0,audio/bachFischer1934/Bach_1_Fischer_5_Major_bachFischer1934.wav,93.9630661,143.6121826,136.651062,95.37864078,49.23064039,147.65625,135.9991776
0,audio/bachFischer1934/Bach_1_Fischer_5_minor_bachFischer1934.wav,116.1341324,117.126091,117.1105423,77.11922062,114.2127978,117.4538352,117.4538352
0,audio/bachFischer1934/Bach_1_Fischer_6_Major_bachFischer1934.wav,101.3327179,126.8071442,129.2295074,177.1565496,,135.9991776,126.0480183
0,audio/bachFischer1934/Bach_1_Fischer_6_minor_bachFischer1934.wav,120.185318,120.559288,122.0522919,118.8161029,116.1286656,120.1853198,120.1853198
0,audio/bachFischer1934/Bach_1_Fischer_7_Major_bachFischer1934.wav,99.38401794,98.11364746,98.11364746,176.9288574,99.26046017,97.50884434,103.359375
0,audio/bachFischer1934/Bach_1_Fischer_7_minor_bachFischer1934.wav,77.13386536,148.5804291,148.5804291,178.6185895,86.81735703,156.6051136,147.65625
0,audio/bachFischer1934/Bach_1_Fischer_8_Major_bachFischer1934.wav,87.59268951,172.265625,172.2656403,177.8921288,167.5051923,172.265625,166.7086694
0,audio/bachFischer1934/Bach_1_Fischer_8_minor_bachFischer1934.wav,116.7902527,117.929306,118.0098419,116.6797927,57.92272664,120.1853198,117.4538352
0,audio/bachFischer1934/Bach_1_Fischer_9_Major_bachFischer1934.wav,89.87771606,184.5703278,184.5703278,121.0368751,88.86103898,178.205819,120.1853198
0,audio/bachFischer1934/Bach_1_Fischer_9_minor_bachFischer1934.wav,138.7374115,94.86175537,94.86175537,140.6995159,140.2980228,90.66611842,139.6748311
0,audio/bachGalling1964/Bach_1_Galling_0_Major_bachGalling1964.wav,130.011795,129.5952911,129.1034851,86.3690685,129.7632754,129.1992188,129.1992188
0,audio/bachGalling1964/Bach_1_Galling_0_minor_bachGalling1964.wav,135.999176,135.7771759,135.7771759,135.2897686,136.1115516,135.9991776,135.9991776
0,audio/bachGalling1964/Bach_1_Galling_10_Major_bachGalling1964.wav,70.79409027,143.0840912,142.7410278,142.6700873,,143.5546875,143.5546875
0,audio/bachGalling1964/Bach_1_Galling_10_minor_bachGalling1964.wav,78.3025589,78.17481232,78.38983917,78.24325781,77.78263394,77.13386194,151.9990809
0,audio/bachGalling1964/Bach_1_Galling_11_Major_bachGalling1964.wav,126.8213196,126.179306,128.1003418,126.6076744,126.7359805,126.0480183,126.0480183
0,audio/bachGalling1964/Bach_1_Galling_11_minor_bachGalling1964.wav,140.625,140.163559,142.1742859,140.4167703,140.5752185,70.79409247,139.6748311
0,audio/bachGalling1964/Bach_1_Galling_1_Major_bachGalling1964.wav,145.5765839,146.484375,146.484375,109.801692,,109.9567819,109.9567819
0,audio/bachGalling1964/Bach_1_Galling_1_minor_bachGalling1964.wav,91.46847534,184.5702972,184.5702972,179.9221472,89.73038933,178.205819,178.205819
0,audio/bachGalling1964/Bach_1_Galling_2_Major_bachGalling1964.wav,119.4906082,118.3643188,118.2458344,118.7728545,,120.1853198,120.1853198
0,audio/bachGalling1964/Bach_1_Galling_2_minor_bachGalling1964.wav,135.1102905,135.4980316,135.3173981,135.5206596,135.3195133,135.9991776,135.9991776
0,audio/bachGalling1964/Bach_1_Galling_3_Major_bachGalling1964.wav,77.13386536,153.0228882,102.2268295,154.2652379,,151.9990809,151.9990809
0,audio/bachGalling1964/Bach_1_Galling_3_minor_bachGalling1964.wav,134.2329559,140.8921967,140.8921967,118.6461301,33.96036103,132.5120192,135.9991776
0,audio/bachGalling1964/Bach_1_Galling_4_Major_bachGalling1964.wav,108.2297134,107.8319931,107.7873459,107.9169598,108.2492151,107.6660156,107.6660156
0,audio/bachGalling1964/Bach_1_Galling_4_minor_bachGalling1964.wav,102.3360138,101.1650925,102.3571396,101.9263468,102.2572023,103.359375,103.359375
0,audio/bachGalling1964/Bach_1_Galling_5_Major_bachGalling1964.wav,80.12354279,162.0199585,162.0199585,161.9357799,161.1078987,161.4990234,161.4990234
0,audio/bachGalling1964/Bach_1_Galling_5_minor_bachGalling1964.wav,91.46847534,184.5702515,184.5701904,182.8231174,91.36679205,184.5703125,92.28515625
0,audio/bachGalling1964/Bach_1_Galling_6_Major_bachGalling1964.wav,137.8125,137.1413422,137.3186035,137.5155444,137.4787483,135.9991776,135.9991776
0,audio/bachGalling1964/Bach_1_Galling_6_minor_bachGalling1964.wav,84.72080231,172.265625,166.0232391,168.2888598,,166.7086694,112.3471467
0,audio/bachGalling1964/Bach_1_Galling_7_Major_bachGalling1964.wav,80.74951172,162.6711426,162.2029724,160.9022618,43.09083609,161.4990234,161.4990234
0,audio/bachGalling1964/Bach_1_Galling_7_minor_bachGalling1964.wav,89.87771606,89.86224365,89.86224365,175.4620803,,89.10290948,89.10290948
0,audio/bachGalling1964/Bach_1_Galling_8_Major_bachGalling1964.wav,83.35433197,164.1038055,165.0155487,164.4043633,165.5743599,166.7086694,166.7086694
0,audio/bachGalling1964/Bach_1_Galling_8_minor_bachGalling1964.wav,98.4375,98.22186279,98.35693359,105.0805557,32.46309772,99.38401442,99.38401442
0,audio/bachGalling1964/Bach_1_Galling_9_Major_bachGalling1964.wav,80.74951172,162.0571594,162.0571594,160.9967669,161.6903149,161.4990234,161.4990234
0,audio/bachGalling1964/Bach_1_Galling_9_minor_bachGalling1964.wav,97.50884247,96.64722443,96.64722443,131.1423409,96.65443438,191.40625,97.50884434
0,audio/bachGould1971/Bach_1_Gould_0_Major_bachGould1971.wav,125.2840881,123.6776733,124.22155,83.48058056,123.5262897,126.0480183,126.0480183
0,audio/bachGould1971/Bach_1_Gould_0_minor_bachGould1971.wav,80.12354279,106.9825668,106.928833,106.9405087,,80.74951172,107.6660156
0,audio/bachGould1971/Bach_1_Gould_10_Major_bachGould1971.wav,96.59754944,96.66137695,91.05716705,191.1756524,96.97426755,97.50884434,97.50884434
0,audio/bachGould1971/Bach_1_Gould_10_minor_bachGould1971.wav,105.46875,106.8668976,102.0219803,110.4386335,47.22275503,109.9567819,107.6660156
0,audio/bachGould1971/Bach_1_Gould_11_Major_bachGould1971.wav,87.59268951,172.2656403,172.2655945,115.1840176,,87.59269068,114.84375
0,audio/bachGould1971/Bach_1_Gould_11_minor_bachGould1971.wav,85.42097473,172.265625,172.2655945,170.7825758,85.38661763,84.72079918,84.72079918
0,audio/bachGould1971/Bach_1_Gould_1_Major_bachGould1971.wav,105.46875,95.73596191,95.73596191,105.9011102,,105.46875,105.46875
0,audio/bachGould1971/Bach_1_Gould_1_minor_bachGould1971.wav,101.3327179,99.05836487,98.95352173,99.95514666,100.6481051,99.38401442,99.38401442
0,audio/bachGould1971/Bach_1_Gould_2_Major_bachGould1971.wav,83.35433197,164.240921,164.8852844,165.1010217,165.8472987,161.4990234,166.7086694
0,audio/bachGould1971/Bach_1_Gould_2_minor_bachGould1971.wav,89.1029129,184.5702972,184.5703125,178.5592172,89.32908399,178.205819,135.9991776
0,audio/bachGould1971/Bach_1_Gould_3_Major_bachGould1971.wav,139.6748352,142.5886993,139.77565,141.2412112,139.4201831,139.6748311,139.6748311
0,audio/bachGould1971/Bach_1_Gould_3_minor_bachGould1971.wav,93.11655426,84.91381073,84.91381073,100.4492316,42.7605146,258.3984375,114.84375
0,audio/bachGould1971/Bach_1_Gould_4_Major_bachGould1971.wav,94.82511139,95.45370483,95.45370483,187.6237083,95.62538454,191.40625,95.703125
0,audio/bachGould1971/Bach_1_Gould_4_minor_bachGould1971.wav,93.11655426,184.5701447,184.5701447,185.9794913,93.23300905,184.5703125,93.96306818
0,audio/bachGould1971/Bach_1_Gould_5_Major_bachGould1971.wav,82.6875,122.6762543,126.3931427,123.5312673,124.2744349,123.046875,126.0480183
0,audio/bachGould1971/Bach_1_Gould_5_minor_bachGould1971.wav,149.7961884,72.47975922,73.45917511,73.2027484,74.75852229,73.828125,117.4538352
0,audio/bachGould1971/Bach_1_Gould_6_Major_bachGould1971.wav,85.42097473,172.2655182,172.2656097,169.3198574,169.7392432,172.265625,172.265625
0,audio/bachGould1971/Bach_1_Gould_6_minor_bachGould1971.wav,103.359375,103.3368683,102.9035797,139.6175822,103.391313,103.359375,103.359375
0,audio/bachGould1971/Bach_1_Gould_7_Major_bachGould1971.wav,105.46875,109.7212296,109.4693222,72.53773635,109.6197326,109.9567819,109.9567819
0,audio/bachGould1971/Bach_1_Gould_7_minor_bachGould1971.wav,138.7374115,136.2563324,136.7012787,144.0782425,143.0960633,135.9991776,139.6748311
0,audio/bachGould1971/Bach_1_Gould_8_Major_bachGould1971.wav,95.703125,95.51385498,95.51385498,77.59899033,95.85179155,95.703125,95.703125
0,audio/bachGould1971/Bach_1_Gould_8_minor_bachGould1971.wav,130.8346558,135.4415283,135.6330414,133.975828,131.1700942,132.5120192,129.1992188
0,audio/bachGould1971/Bach_1_Gould_9_Major_bachGould1971.wav,101.3327179,101.2895584,101.3646774,101.0215888,101.478075,206.71875,101.3327206
0,audio/bachGould1971/Bach_1_Gould_9_minor_bachGould1971.wav,105.46875,108.3593597,108.4296494,109.3897811,107.8734629,215.3320313,107.6660156
0,audio/bachGulda1995/Bach_1_Gulda_0_Major_bachGulda.wav,139.6748352,141.8258362,141.8258362,93.93529611,139.0084867,93.96306818,139.6748311
0,audio/bachGulda1995/Bach_1_Gulda_0_minor_bachGulda.wav,125.2840881,124.3380508,124.3380508,124.9933137,31.22073296,123.046875,126.0480183
0,audio/bachGulda1995/Bach_1_Gulda_10_Major_bachGulda.wav,89.1029129,178.2059021,178.2059021,179.1656614,89.37681264,178.205819,178.205819
0,audio/bachGulda1995/Bach_1_Gulda_10_minor_bachGulda.wav,123.7836838,123.4691238,125.6238556,61.42485343,61.88916835,132.5120192,120.1853198
0,audio/bachGulda1995/Bach_1_Gulda_11_Major_bachGulda.wav,78.90028381,155.289032,155.289032,104.7293399,,78.30255682,105.46875
0,audio/bachGulda1995/Bach_1_Gulda_11_minor_bachGulda.wav,90.66611481,90.82361603,90.82361603,90.17206392,45.37421301,45.33305921,92.28515625
0,audio/bachGulda1995/Bach_1_Gulda_1_Major_bachGulda.wav,92.28515625,92.73410034,92.73410034,92.1550011,91.9611947,92.28515625,92.28515625
0,audio/bachGulda1995/Bach_1_Gulda_1_minor_bachGulda.wav,136.8998413,128.9010925,128.9010925,137.3737915,138.5235897,139.6748311,139.6748311
0,audio/bachGulda1995/Bach_1_Gulda_2_Major_bachGulda.wav,135.999176,136.3670197,137.0329437,135.8285374,136.3116345,135.9991776,135.9991776
0,audio/bachGulda1995/Bach_1_Gulda_2_minor_bachGulda.wav,84.72080231,172.2656403,166.5508118,169.0772435,,172.265625,126.0480183
0,audio/bachGulda1995/Bach_1_Gulda_3_Major_bachGulda.wav,84.72080231,112.446228,112.446228,113.546038,169.8307427,166.7086694,112.3471467
0,audio/bachGulda1995/Bach_1_Gulda_3_minor_bachGulda.wav,97.50884247,115.2430496,92.01865387,108.1115526,109.8008943,215.3320313,132.5120192
0,audio/bachGulda1995/Bach_1_Gulda_4_Major_bachGulda.wav,105.46875,106.8652954,106.8192749,71.13962112,107.171663,71.77734375,107.6660156
0,audio/bachGulda1995/Bach_1_Gulda_4_minor_bachGulda.wav,109.9567795,110.2758484,110.4278336,109.6779342,113.0218536,109.9567819,109.9567819
0,audio/bachGulda1995/Bach_1_Gulda_5_Major_bachGulda.wav,78.90028381,118.1003113,117.6708221,118.1396971,118.4099599,79.50721154,117.4538352
0,audio/bachGulda1995/Bach_1_Gulda_5_minor_bachGulda.wav,112.9610672,112.3368683,111.9725647,113.4662682,112.915509,114.84375,112.3471467
0,audio/bachGulda1995/Bach_1_Gulda_6_Major_bachGulda.wav,73.828125,110.1968079,110.1968079,114.0836392,111.0237149,109.9567819,109.9567819
0,audio/bachGulda1995/Bach_1_Gulda_6_minor_bachGulda.wav,120.185318,122.2728195,122.7366638,119.93788,120.3380843,120.1853198,120.1853198
0,audio/bachGulda1995/Bach_1_Gulda_7_Major_bachGulda.wav,89.87771606,178.2058411,178.2058563,177.9847597,44.99169739,178.205819,178.205819
0,audio/bachGulda1995/Bach_1_Gulda_7_minor_bachGulda.wav,105.46875,107.6287231,107.3646011,107.12745,107.998242,107.6660156,107.6660156
0,audio/bachGulda1995/Bach_1_Gulda_8_Major_bachGulda.wav,84.72080231,172.2656403,172.2656403,171.5416794,169.319055,166.7086694,166.7086694
0,audio/bachGulda1995/Bach_1_Gulda_8_minor_bachGulda.wav,112.9610672,112.788765,111.8525238,114.3524332,113.815262,114.84375,114.84375
0,audio/bachGulda1995/Bach_1_Gulda_9_Major_bachGulda.wav,120.185318,120.3035736,120.3035736,119.902861,120.4825515,120.1853198,120.1853198
0,audio/bachGulda1995/Bach_1_Gulda_9_minor_bachGulda.wav,113.5817337,116.5190811,114.7424698,115.2574315,114.9292134,114.84375,114.84375
0,audio/bachHamilton1964/Bach_1_Hamilton_0_Major_bachHamilton1964.wav,115.4853363,113.209198,116.937088,115.6217933,115.4829065,117.4538352,117.4538352
0,audio/bachHamilton1964/Bach_1_Hamilton_0_minor_bachHamilton1964.wav,118.125,154.8778687,117.8259583,118.101003,118.9074983,117.4538352,117.4538352
0,audio/bachHamilton1964/Bach_1_Hamilton_10_Major_bachHamilton1964.wav,104.4034119,153.8759308,162.4183502,157.2268379,,156.6051136,126.0480183
0,audio/bachHamilton1964/Bach_1_Hamilton_10_minor_bachHamilton1964.wav,145.5765839,147.107132,147.107132,72.51513917,72.76820473,72.78829225,143.5546875
0,audio/bachHamilton1964/Bach_1_Hamilton_11_Major_bachHamilton1964.wav,126.8213196,125.7969666,123.4601669,126.506337,126.6316894,126.0480183,126.0480183
0,audio/bachHamilton1964/Bach_1_Hamilton_11_minor_bachHamilton1964.wav,79.50720978,78.87410736,79.0868988,79.72081595,79.43036175,80.74951172,80.74951172
0,audio/bachHamilton1964/Bach_1_Hamilton_1_Major_bachHamilton1964.wav,84.72080231,127.115097,129.1992188,128.0746278,84.38307343,126.0480183,126.0480183
0,audio/bachHamilton1964/Bach_1_Hamilton_1_minor_bachHamilton1964.wav,75.99954224,149.146225,149.146225,151.7245606,34.84472251,75.99954044,156.6051136
0,audio/bachHamilton1964/Bach_1_Hamilton_2_Major_bachHamilton1964.wav,136.8998413,136.0354004,136.0354004,136.4478076,136.4333988,135.9991776,135.9991776
0,audio/bachHamilton1964/Bach_1_Hamilton_2_minor_bachHamilton1964.wav,150.8896027,150.3845978,150.3845978,149.6040566,149.8414591,147.65625,147.65625
0,audio/bachHamilton1964/Bach_1_Hamilton_3_Major_bachHamilton1964.wav,114.2092514,109.1873779,110.6183701,112.7425125,112.7301695,112.3471467,112.3471467
0,audio/bachHamilton1964/Bach_1_Hamilton_3_minor_bachHamilton1964.wav,97.50884247,91.92504883,91.92504883,45.84868721,46.13557213,224.6942935,143.5546875
0,audio/bachHamilton1964/Bach_1_Hamilton_4_Major_bachHamilton1964.wav,104.4034119,104.0022049,103.9553375,103.8689245,69.18055738,103.359375,103.359375
0,audio/bachHamilton1964/Bach_1_Hamilton_4_minor_bachHamilton1964.wav,81.38533783,163.4835815,163.7667542,159.8429818,163.313115,161.4990234,161.4990234
0,audio/bachHamilton1964/Bach_1_Hamilton_5_Major_bachHamilton1964.wav,95.703125,95.54824829,94.87984467,192.8731869,96.00761222,191.40625,95.703125
0,audio/bachHamilton1964/Bach_1_Hamilton_5_minor_bachHamilton1964.wav,145.5765839,144.2729034,144.2729034,142.7342406,146.0345736,143.5546875,143.5546875
0,audio/bachHamilton1964/Bach_1_Hamilton_6_Major_bachHamilton1964.wav,128.3967438,128.7500916,128.7500916,128.2369938,128.6040151,129.1992188,129.1992188
0,audio/bachHamilton1964/Bach_1_Hamilton_6_minor_bachHamilton1964.wav,78.90028381,155.4847107,155.4847107,157.7983659,158.0835482,156.6051136,156.6051136
0,audio/bachHamilton1964/Bach_1_Hamilton_7_Major_bachHamilton1964.wav,77.71381378,154.9390411,154.9390411,117.2843786,39.35218916,156.6051136,156.6051136
0,audio/bachHamilton1964/Bach_1_Hamilton_7_minor_bachHamilton1964.wav,133.3669281,134.4774017,135.1344452,135.0130433,133.0740147,132.5120192,132.5120192
0,audio/bachHamilton1964/Bach_1_Hamilton_8_Major_bachHamilton1964.wav,103.359375,104.1040802,103.723175,103.1890551,34.47458261,198.7680288,101.3327206
0,audio/bachHamilton1964/Bach_1_Hamilton_8_minor_bachHamilton1964.wav,113.5817337,112.6535187,112.1760483,113.5844697,113.6171694,114.84375,114.84375
0,audio/bachHamilton1964/Bach_1_Hamilton_9_Major_bachHamilton1964.wav,144.5585632,144.5567932,144.5567932,144.6902712,144.1350406,143.5546875,143.5546875
0,audio/bachHamilton1964/Bach_1_Hamilton_9_minor_bachHamilton1964.wav,103.359375,104.4664307,104.2612076,104.4784867,104.353766,206.71875,103.359375
0,audio/bachKirkpatrick1963/Bach_1_Kirkpatrick_0_Major_bachKirkpatrick1963.wav,81.38533783,162.4367065,162.3495636,107.5071571,,107.6660156,107.6660156
0,audio/bachKirkpatrick1963/Bach_1_Kirkpatrick_0_minor_bachKirkpatrick1963.wav,105.46875,106.0114136,105.7148361,106.5055873,,105.46875,105.46875
0,audio/bachKirkpatrick1963/Bach_1_Kirkpatrick_10_Major_bachKirkpatrick1963.wav,73.828125,145.1916962,150.4468536,142.5102578,147.5395893,147.65625,120.1853198
0,audio/bachKirkpatrick1963/Bach_1_Kirkpatrick_10_minor_bachKirkpatrick1963.wav,81.38533783,163.6986542,163.6986542,81.46416767,81.56841,80.74951172,80.74951172
0,audio/bachKirkpatrick1963/Bach_1_Kirkpatrick_11_Major_bachKirkpatrick1963.wav,75.99954224,151.844986,151.4026489,99.18225137,,151.9990809,151.9990809
0,audio/bachKirkpatrick1963/Bach_1_Kirkpatrick_11_minor_bachKirkpatrick1963.wav,84.03201294,172.2656097,172.2656403,167.6051259,167.0660487,86.1328125,166.7086694
0,audio/bachKirkpatrick1963/Bach_1_Kirkpatrick_1_Major_bachKirkpatrick1963.wav,90.66611481,141.6147614,141.6147614,91.28671391,140.0442825,139.6748311,139.6748311
0,audio/bachKirkpatrick1963/Bach_1_Kirkpatrick_1_minor_bachKirkpatrick1963.wav,99.38401794,97.83120728,97.95322418,103.3779718,98.57565635,97.50884434,97.50884434
0,audio/bachKirkpatrick1963/Bach_1_Kirkpatrick_2_Major_bachKirkpatrick1963.wav,124.5293655,123.6527176,123.5247269,124.7771943,124.6065096,126.0480183,126.0480183
0,audio/bachKirkpatrick1963/Bach_1_Kirkpatrick_2_minor_bachKirkpatrick1963.wav,81.38533783,163.5828552,163.1977997,161.595307,162.2401576,161.4990234,161.4990234
0,audio/bachKirkpatrick1963/Bach_1_Kirkpatrick_3_Major_bachKirkpatrick1963.wav,110.5447845,143.2184296,144.2283325,94.08333743,63.84372202,117.4538352,117.4538352
0,audio/bachKirkpatrick1963/Bach_1_Kirkpatrick_3_minor_bachKirkpatrick1963.wav,89.87771606,154.9794464,90.62099457,153.2741022,,246.09375,147.65625
0,audio/bachKirkpatrick1963/Bach_1_Kirkpatrick_4_Major_bachKirkpatrick1963.wav,104.4034119,106.8807831,107.3535538,70.8049,35.41936961,107.6660156,107.6660156
0,audio/bachKirkpatrick1963/Bach_1_Kirkpatrick_4_minor_bachKirkpatrick1963.wav,74.89809418,147.9405975,147.9405975,150.1404198,150.3622591,151.9990809,147.65625
0,audio/bachKirkpatrick1963/Bach_1_Kirkpatrick_5_Major_bachKirkpatrick1963.wav,81.38533783,118.3753586,118.4819107,119.906738,124.529501,120.1853198,120.1853198
0,audio/bachKirkpatrick1963/Bach_1_Kirkpatrick_5_minor_bachKirkpatrick1963.wav,93.11655426,184.5703278,184.5702362,103.9028381,92.50047365,93.96306818,93.96306818
0,audio/bachKirkpatrick1963/Bach_1_Kirkpatrick_6_Major_bachKirkpatrick1963.wav,81.38533783,107.7063293,107.7125778,108.8979173,,107.6660156,107.6660156
0,audio/bachKirkpatrick1963/Bach_1_Kirkpatrick_6_minor_bachKirkpatrick1963.wav,79.50720978,162.1712036,162.1712036,157.2807521,159.5678164,156.6051136,156.6051136
0,audio/bachKirkpatrick1963/Bach_1_Kirkpatrick_7_Major_bachKirkpatrick1963.wav,89.1029129,172.2656708,172.2655945,179.4965435,180.1085554,178.205819,132.5120192
0,audio/bachKirkpatrick1963/Bach_1_Kirkpatrick_7_minor_bachKirkpatrick1963.wav,123.046875,123.2422562,123.2422562,112.2584517,121.0265673,126.0480183,126.0480183
0,audio/bachKirkpatrick1963/Bach_1_Kirkpatrick_8_Major_bachKirkpatrick1963.wav,83.35433197,165.6667786,165.4062653,167.7036145,27.95572738,166.7086694,166.7086694
0,audio/bachKirkpatrick1963/Bach_1_Kirkpatrick_8_minor_bachKirkpatrick1963.wav,129.1992188,129.220108,128.645874,128.7347988,128.3176601,129.1992188,129.1992188
0,audio/bachKirkpatrick1963/Bach_1_Kirkpatrick_9_Major_bachKirkpatrick1963.wav,77.13386536,152.4201508,152.4201508,154.1478478,154.2279576,151.9990809,151.9990809
0,audio/bachKirkpatrick1963/Bach_1_Kirkpatrick_9_minor_bachKirkpatrick1963.wav,82.03125,163.2355804,164.050705,164.6707629,163.4576163,166.7086694,161.4990234
0,audio/bachLandowska1951/Bach_1_Landowska_0_Major_bachLandowska1951.wav,126.0480194,123.7132492,125.8245087,83.73690016,121.4924283,126.0480183,126.0480183
0,audio/bachLandowska1951/Bach_1_Landowska_0_minor_bachLandowska1951.wav,115.4853363,115.6599503,117.0104446,115.1564217,115.0175174,117.4538352,114.84375
0,audio/bachLandowska1951/Bach_1_Landowska_10_Major_bachLandowska1951.wav,71.28232574,143.1646576,143.5320129,132.8027189,143.1217854,143.5546875,143.5546875
0,audio/bachLandowska1951/Bach_1_Landowska_10_minor_bachLandowska1951.wav,126.0480194,128.2308197,128.8949127,64.82705899,59.57019108,63.02400915,120.1853198
0,audio/bachLandowska1951/Bach_1_Landowska_11_Major_bachLandowska1951.wav,84.72080231,172.2655334,172.2655334,84.57599198,84.974352,84.72079918,166.7086694
0,audio/bachLandowska1951/Bach_1_Landowska_11_minor_bachLandowska1951.wav,137.8125,136.4611359,139.001358,138.02653,137.0257627,135.9991776,135.9991776
0,audio/bachLandowska1951/Bach_1_Landowska_1_Major_bachLandowska1951.wav,88.34134674,134.6914978,134.6914978,136.2438215,88.2714678,135.9991776,132.5120192
0,audio/bachLandowska1951/Bach_1_Landowska_1_minor_bachLandowska1951.wav,94.82511139,184.5703278,178.2058716,83.69578433,101.950681,184.5703125,135.9991776
0,audio/bachLandowska1951/Bach_1_Landowska_2_Major_bachLandowska1951.wav,131.6679993,130.7175903,130.7893677,131.5126106,131.2793242,129.1992188,132.5120192
0,audio/bachLandowska1951/Bach_1_Landowska_2_minor_bachLandowska1951.wav,75.44480133,151.3800354,151.1154633,151.3705015,150.9394314,151.9990809,151.9990809
0,audio/bachLandowska1951/Bach_1_Landowska_3_Major_bachLandowska1951.wav,97.50884247,89.78588867,99.7931366,100.8621813,97.90597195,198.7680288,101.3327206
0,audio/bachLandowska1951/Bach_1_Landowska_3_minor_bachLandowska1951.wav,97.50884247,89.19872284,85.23596954,183.8670208,47.25385444,47.41255734,129.1992188
0,audio/bachLandowska1951/Bach_1_Landowska_4_Major_bachLandowska1951.wav,96.59754944,96.65986633,96.63798523,104.693485,96.73866511,97.50884434,97.50884434
0,audio/bachLandowska1951/Bach_1_Landowska_4_minor_bachLandowska1951.wav,88.34134674,172.2655334,178.2058868,176.2246937,88.88789439,89.10290948,89.10290948
0,audio/bachLandowska1951/Bach_1_Landowska_5_Major_bachLandowska1951.wav,92.28515625,184.5702057,184.5702209,182.5635086,92.47214474,184.5703125,123.046875
0,audio/bachLandowska1951/Bach_1_Landowska_5_minor_bachLandowska1951.wav,78.3025589,154.3439331,152.7844391,155.3430956,154.1380619,156.6051136,143.5546875
0,audio/bachLandowska1951/Bach_1_Landowska_6_Major_bachLandowska1951.wav,124.5293655,124.9928131,125.2501297,124.9977155,124.7921338,126.0480183,126.0480183
0,audio/bachLandowska1951/Bach_1_Landowska_6_minor_bachLandowska1951.wav,80.12354279,155.7414856,161.7805786,107.8237992,159.9298972,161.4990234,156.6051136
0,audio/bachLandowska1951/Bach_1_Landowska_7_Major_bachLandowska1951.wav,77.13386536,152.4791412,153.1371307,151.3825128,38.12731883,151.9990809,114.84375
0,audio/bachLandowska1951/Bach_1_Landowska_7_minor_bachLandowska1951.wav,82.03125,164.0795135,163.7957916,172.8436844,82.37168125,80.74951172,161.4990234
0,audio/bachLandowska1951/Bach_1_Landowska_8_Major_bachLandowska1951.wav,88.34134674,178.2058258,178.2058258,171.6194726,175.8612679,178.205819,172.265625
0,audio/bachLandowska1951/Bach_1_Landowska_8_minor_bachLandowska1951.wav,111.1391144,110.5167313,110.8313293,110.8919221,110.852088,112.3471467,112.3471467
0,audio/bachLandowska1951/Bach_1_Landowska_9_Major_bachLandowska1951.wav,129.1992188,128.5528412,128.7413788,85.69126693,128.6719487,129.1992188,129.1992188
0,audio/bachLandowska1951/Bach_1_Landowska_9_minor_bachLandowska1951.wav,94.82511139,184.5703125,191.4062347,183.0563765,31.15571792,191.40625,95.703125
0,audio/bachLeonhardt1973/Bach_1_Leonhardt_0_Major_bachLeonhardt1973.wav,86.85662079,172.2655792,172.265625,115.6382784,,172.265625,117.4538352
0,audio/bachLeonhardt1973/Bach_1_Leonhardt_0_minor_bachLeonhardt1973.wav,103.359375,102.7601242,99.36219788,100.8329786,,139.6748311,139.6748311
0,audio/bachLeonhardt1973/Bach_1_Leonhardt_10_Major_bachLeonhardt1973.wav,75.44480133,148.1058807,148.1058807,152.7359749,,147.65625,147.65625
0,audio/bachLeonhardt1973/Bach_1_Leonhardt_10_minor_bachLeonhardt1973.wav,89.1029129,85.3525238,85.3525238,180.8290761,87.22239294,87.59269068,89.10290948
0,audio/bachLeonhardt1973/Bach_1_Leonhardt_11_Major_bachLeonhardt1973.wav,119.4906082,122.4586105,122.4586105,121.9638103,28.63282813,126.0480183,129.1992188
0,audio/bachLeonhardt1973/Bach_1_Leonhardt_11_minor_bachLeonhardt1973.wav,103.359375,103.402359,103.3294601,103.6214413,102.9539484,103.359375,103.359375
0,audio/bachLeonhardt1973/Bach_1_Leonhardt_1_Major_bachLeonhardt1973.wav,104.4034119,104.765625,103.818634,104.6548764,70.99545033,139.6748311,139.6748311
0,audio/bachLeonhardt1973/Bach_1_Leonhardt_1_minor_bachLeonhardt1973.wav,96.59754944,172.2657013,172.2657013,87.33179108,34.52630473,198.7680288,198.7680288
0,audio/bachLeonhardt1973/Bach_1_Leonhardt_2_Major_bachLeonhardt1973.wav,101.3327179,100.5473785,100.8214264,101.0172802,,103.359375,103.359375
0,audio/bachLeonhardt1973/Bach_1_Leonhardt_2_minor_bachLeonhardt1973.wav,129.1992188,128.984436,128.6272736,128.5209018,,129.1992188,129.1992188
0,audio/bachLeonhardt1973/Bach_1_Leonhardt_3_Major_bachLeonhardt1973.wav,142.5646515,136.053009,136.053009,139.0363583,140.793845,139.6748311,139.6748311
0,audio/bachLeonhardt1973/Bach_1_Leonhardt_3_minor_bachLeonhardt1973.wav,101.3327179,102.0422287,103.2665253,51.98345952,25.95792203,51.16800743,126.0480183
0,audio/bachLeonhardt1973/Bach_1_Leonhardt_4_Major_bachLeonhardt1973.wav,100.3489075,98.40198517,97.28063965,106.1684546,31.93208715,198.7680288,101.3327206
0,audio/bachLeonhardt1973/Bach_1_Leonhardt_4_minor_bachLeonhardt1973.wav,77.71381378,153.2292175,153.2292175,155.6690835,,156.6051136,156.6051136
0,audio/bachLeonhardt1973/Bach_1_Leonhardt_5_Major_bachLeonhardt1973.wav,75.44480133,150.9646759,143.8308411,148.9400641,152.0792726,147.65625,147.65625
0,audio/bachLeonhardt1973/Bach_1_Leonhardt_5_minor_bachLeonhardt1973.wav,96.59754944,184.5703278,184.5703278,103.9011832,99.76732404,198.7680288,97.50884434
0,audio/bachLeonhardt1973/Bach_1_Leonhardt_6_Major_bachLeonhardt1973.wav,131.6679993,128.5259094,126.3524246,128.4045201,127.152543,132.5120192,132.5120192
0,audio/bachLeonhardt1973/Bach_1_Leonhardt_6_minor_bachLeonhardt1973.wav,139.6748352,136.7821198,136.4771271,140.0890081,140.3917931,139.6748311,139.6748311
0,audio/bachLeonhardt1973/Bach_1_Leonhardt_7_Major_bachLeonhardt1973.wav,144.5585632,144.9392548,144.9392548,145.725943,36.38037302,143.5546875,143.5546875
0,audio/bachLeonhardt1973/Bach_1_Leonhardt_7_minor_bachLeonhardt1973.wav,102.3360138,102.903511,102.5176468,111.0881537,101.6317683,101.3327206,103.359375
0,audio/bachLeonhardt1973/Bach_1_Leonhardt_8_Major_bachLeonhardt1973.wav,55.71934128,83.46975708,83.46975708,160.6025248,167.0448767,166.7086694,166.7086694
0,audio/bachLeonhardt1973/Bach_1_Leonhardt_8_minor_bachLeonhardt1973.wav,103.359375,104.3025208,107.4093094,107.9133235,53.01569091,105.46875,105.46875
0,audio/bachLeonhardt1973/Bach_1_Leonhardt_9_Major_bachLeonhardt1973.wav,128.3967438,128.8617554,128.8617554,127.6899634,33.13493599,129.1992188,129.1992188
0,audio/bachLeonhardt1973/Bach_1_Leonhardt_9_minor_bachLeonhardt1973.wav,126.0480194,123.5883789,123.37957,124.9456324,27.39975222,123.046875,123.046875
0,audio/bachMartins1964/Bach_1_Martins_0_Major_bachMartins1964.wav,74.35926056,147.1022186,148.1851654,99.79266379,146.6291772,99.38401442,147.65625
0,audio/bachMartins1964/Bach_1_Martins_0_minor_bachMartins1964.wav,67.99958801,129.7071075,136.2347717,134.4748561,,65.41732595,132.5120192
0,audio/bachMartins1964/Bach_1_Martins_10_Major_bachMartins1964.wav,86.85662079,172.2656708,172.2656708,173.1552537,174.4421409,172.265625,172.265625
0,audio/bachMartins1964/Bach_1_Martins_10_minor_bachMartins1964.wav,134.2329559,135.8512573,135.9068146,139.2092363,67.49907153,68.90625,135.9991776
0,audio/bachMartins1964/Bach_1_Martins_11_Major_bachMartins1964.wav,94.82511139,184.5702972,184.5702972,124.9617759,94.43947257,95.703125,126.0480183
0,audio/bachMartins1964/Bach_1_Martins_11_minor_bachMartins1964.wav,137.8125,139.7258606,135.5332794,137.0199876,68.65004829,68.90625,135.9991776
0,audio/bachMartins1964/Bach_1_Martins_1_Major_bachMartins1964.wav,93.9630661,111.0106201,111.0106201,164.06923,,66.25600962,109.9567819
0,audio/bachMartins1964/Bach_1_Martins_1_minor_bachMartins1964.wav,101.3327179,97.80808258,97.80714417,100.1529402,100.4259394,101.3327206,101.3327206
0,audio/bachMartins1964/Bach_1_Martins_2_Major_bachMartins1964.wav,76.5625,152.0334015,152.0095825,147.8781881,,151.9990809,151.9990809
0,audio/bachMartins1964/Bach_1_Martins_2_minor_bachMartins1964.wav,76.5625,152.5188904,152.5188904,150.9985446,,151.9990809,151.9990809
0,audio/bachMartins1964/Bach_1_Martins_3_Major_bachMartins1964.wav,113.5817337,112.3868408,112.3367844,114.2692799,114.6162514,114.84375,114.84375
0,audio/bachMartins1964/Bach_1_Martins_3_minor_bachMartins1964.wav,111.1391144,108.5013123,106.9589386,116.8455805,105.2841574,114.84375,114.84375
0,audio/bachMartins1964/Bach_1_Martins_4_Major_bachMartins1964.wav,93.9630661,184.5702209,184.5702209,94.14621968,31.45611493,93.96306818,93.96306818
0,audio/bachMartins1964/Bach_1_Martins_4_minor_bachMartins1964.wav,80.12354279,162.2883148,162.0621643,80.09000128,148.5107533,156.6051136,156.6051136
0,audio/bachMartins1964/Bach_1_Martins_5_Major_bachMartins1964.wav,150.8896027,112.6549606,112.7589874,113.2842865,,224.6942935,112.3471467
0,audio/bachMartins1964/Bach_1_Martins_5_minor_bachMartins1964.wav,130.011795,128.8887634,129.2442474,128.7190362,129.6447027,132.5120192,129.1992188
0,audio/bachMartins1964/Bach_1_Martins_6_Major_bachMartins1964.wav,104.4034119,103.9606018,104.2325134,107.061079,104.9379248,105.46875,105.46875
0,audio/bachMartins1964/Bach_1_Martins_6_minor_bachMartins1964.wav,119.4906082,118.3376007,117.8498154,119.5915012,119.062447,117.4538352,117.4538352
0,audio/bachMartins1964/Bach_1_Martins_7_Major_bachMartins1964.wav,104.4034119,107.5592804,108.0504227,53.0267539,105.1728335,215.3320313,132.5120192
0,audio/bachMartins1964/Bach_1_Martins_7_minor_bachMartins1964.wav,82.03125,163.4152069,162.7519684,161.7324924,163.7661042,161.4990234,161.4990234
0,audio/bachMartins1964/Bach_1_Martins_8_Major_bachMartins1964.wav,72.53289795,107.6086731,107.7213211,107.0295018,72.34386551,107.6660156,107.6660156
0,audio/bachMartins1964/Bach_1_Martins_8_minor_bachMartins1964.wav,97.50884247,96.80709839,97.0020752,104.9451165,48.91912451,97.50884434,97.50884434
0,audio/bachMartins1964/Bach_1_Martins_9_Major_bachMartins1964.wav,77.13386536,153.7599792,153.7599792,155.6682677,154.827572,77.13386194,151.9990809
0,audio/bachMartins1964/Bach_1_Martins_9_minor_bachMartins1964.wav,79.50720978,155.6839294,155.1395721,155.9791259,106.512229,161.4990234,105.46875
0,audio/bachNewman1973/Bach_1_Newman_0_Major_bachNewman1973.wav,83.35433197,110.6672211,172.265686,111.478807,,166.7086694,112.3471467
0,audio/bachNewman1973/Bach_1_Newman_0_minor_bachNewman1973.wav,80.12354279,107.0494919,161.7805939,158.4194307,106.4188535,161.4990234,156.6051136
0,audio/bachNewman1973/Bach_1_Newman_10_Major_bachNewman1973.wav,77.13386536,153.1621552,153.1621552,152.9596396,,151.9990809,123.046875
0,audio/bachNewman1973/Bach_1_Newman_10_minor_bachNewman1973.wav,145.5765839,144.5270538,147.177597,143.6644627,172.8779702,147.65625,143.5546875
0,audio/bachNewman1973/Bach_1_Newman_11_Major_bachNewman1973.wav,135.999176,135.4281921,135.8279572,136.6561601,135.8067947,135.9991776,135.9991776
0,audio/bachNewman1973/Bach_1_Newman_11_minor_bachNewman1973.wav,131.6679993,129.9977264,129.7782898,129.8694836,130.6497768,132.5120192,132.5120192
0,audio/bachNewman1973/Bach_1_Newman_1_Major_bachNewman1973.wav,94.82511139,142.6925049,142.6925049,144.8239369,,143.5546875,143.5546875
0,audio/bachNewman1973/Bach_1_Newman_1_minor_bachNewman1973.wav,95.703125,111.7475204,107.8457794,116.5387984,38.04167671,83.35433468,114.84375
0,audio/bachNewman1973/Bach_1_Newman_2_Major_bachNewman1973.wav,139.6748352,142.4461517,136.2138062,139.9010355,139.5514912,139.6748311,139.6748311
0,audio/bachNewman1973/Bach_1_Newman_2_minor_bachNewman1973.wav,88.34134674,172.2656403,172.2656403,176.8995974,57.09763782,178.205819,132.5120192
0,audio/bachNewman1973/Bach_1_Newman_3_Major_bachNewman1973.wav,127.6041641,128.5033264,128.3693237,127.8327698,126.6738094,129.1992188,126.0480183
0,audio/bachNewman1973/Bach_1_Newman_3_minor_bachNewman1973.wav,146.6090393,136.1320648,126.452713,70.47487147,34.55219757,147.65625,117.4538352
0,audio/bachNewman1973/Bach_1_Newman_4_Major_bachNewman1973.wav,124.5293655,122.5608368,120.7112579,126.4096377,125.9104172,126.0480183,126.0480183
0,audio/bachNewman1973/Bach_1_Newman_4_minor_bachNewman1973.wav,105.46875,107.3747787,108.1699448,107.4172809,108.001857,109.9567819,109.9567819
0,audio/bachNewman1973/Bach_1_Newman_5_Major_bachNewman1973.wav,94.82511139,184.570282,184.570282,187.9621965,95.77437477,191.40625,126.0480183
0,audio/bachNewman1973/Bach_1_Newman_5_minor_bachNewman1973.wav,83.35433197,172.2655182,172.265564,168.6712423,166.7778123,172.265625,166.7086694
0,audio/bachNewman1973/Bach_1_Newman_6_Major_bachNewman1973.wav,99.86412811,148.8280945,150.8804626,150.3975004,,99.38401442,99.38401442
0,audio/bachNewman1973/Bach_1_Newman_6_minor_bachNewman1973.wav,89.87771606,184.5702667,178.2058563,180.0430033,91.94070433,120.1853198,120.1853198
0,audio/bachNewman1973/Bach_1_Newman_7_Major_bachNewman1973.wav,87.59268951,184.5703735,184.5703735,176.9538661,,178.205819,135.9991776
0,audio/bachNewman1973/Bach_1_Newman_7_minor_bachNewman1973.wav,86.85662079,172.2655182,172.2655792,175.6003663,85.79646886,172.265625,172.265625
0,audio/bachNewman1973/Bach_1_Newman_8_Major_bachNewman1973.wav,98.4375,90.1522522,98.96096039,104.9466556,33.00894158,191.40625,99.38401442
0,audio/bachNewman1973/Bach_1_Newman_8_minor_bachNewman1973.wav,77.13386536,152.7589417,152.7589417,152.6977469,153.7125098,151.9990809,151.9990809
0,audio/bachNewman1973/Bach_1_Newman_9_Major_bachNewman1973.wav,81.38533783,163.6697388,163.6697388,162.9144229,162.1321086,161.4990234,161.4990234
0,audio/bachNewman1973/Bach_1_Newman_9_minor_bachNewman1973.wav,109.375,111.4324341,110.913353,112.9614377,25.82464257,215.3320313,112.3471467
0,audio/bachNewman2001harpsichord/Bach_1_Newman_0_Major_bachNewman2001harpsichord.wav,83.35433197,110.5364609,110.0470428,110.8814191,110.4910202,112.3471467,112.3471467
0,audio/bachNewman2001harpsichord/Bach_1_Newman_0_minor_bachNewman2001harpsichord.wav,90.66611481,184.5702972,178.2058868,180.5382196,,120.1853198,120.1853198
0,audio/bachNewman2001harpsichord/Bach_1_Newman_10_Major_bachNewman2001harpsichord.wav,81.38533783,162.4462128,161.8245544,89.79808033,,161.4990234,129.1992188
0,audio/bachNewman2001harpsichord/Bach_1_Newman_10_minor_bachNewman2001harpsichord.wav,85.42097473,163.4398346,172.2655487,85.70729162,27.56605061,84.72079918,86.1328125
0,audio/bachNewman2001harpsichord/Bach_1_Newman_11_Major_bachNewman2001harpsichord.wav,84.03201294,164.3643494,164.3643494,112.4295615,,166.7086694,112.3471467
0,audio/bachNewman2001harpsichord/Bach_1_Newman_11_minor_bachNewman2001harpsichord.wav,123.7836838,123.229126,123.2121811,123.1855852,124.05004,123.046875,123.046875
0,audio/bachNewman2001harpsichord/Bach_1_Newman_1_Major_bachNewman2001harpsichord.wav,95.703125,96.88192749,127.7986755,147.6275134,82.13455862,147.65625,143.5546875
0,audio/bachNewman2001harpsichord/Bach_1_Newman_1_minor_bachNewman2001harpsichord.wav,90.66611481,119.836525,77.28421783,131.2575675,34.16114287,129.1992188,129.1992188
0,audio/bachNewman2001harpsichord/Bach_1_Newman_2_Major_bachNewman2001harpsichord.wav,90.66611481,89.73937225,89.73937225,89.83353715,90.33824078,90.66611842,123.046875
0,audio/bachNewman2001harpsichord/Bach_1_Newman_2_minor_bachNewman2001harpsichord.wav,89.1029129,172.2656708,178.2058716,182.7056571,180.207657,178.205819,132.5120192
0,audio/bachNewman2001harpsichord/Bach_1_Newman_3_Major_bachNewman2001harpsichord.wav,72.78829193,142.5649109,143.0004272,143.1450061,143.6882999,147.65625,143.5546875
0,audio/bachNewman2001harpsichord/Bach_1_Newman_3_minor_bachNewman2001harpsichord.wav,93.9630661,95.32363892,89.76599884,45.53086426,46.02734048,45.33305921,112.3471467
0,audio/bachNewman2001harpsichord/Bach_1_Newman_4_Major_bachNewman2001harpsichord.wav,71.28232574,142.6409912,142.6409912,94.98779274,142.5049328,95.703125,143.5546875
0,audio/bachNewman2001harpsichord/Bach_1_Newman_4_minor_bachNewman2001harpsichord.wav,117.4538345,113.7266541,113.7826843,115.38636,116.9251836,117.4538352,117.4538352
0,audio/bachNewman2001harpsichord/Bach_1_Newman_5_Major_bachNewman2001harpsichord.wav,104.4034119,110.8909073,113.6944427,75.01404986,111.3632836,109.9567819,112.3471467
0,audio/bachNewman2001harpsichord/Bach_1_Newman_5_minor_bachNewman2001harpsichord.wav,101.3327179,110.0406036,110.0406036,113.4543791,50.50350888,120.1853198,120.1853198
0,audio/bachNewman2001harpsichord/Bach_1_Newman_6_Major_bachNewman2001harpsichord.wav,89.1029129,178.2058258,178.2058258,118.6096867,88.66627735,120.1853198,120.1853198
0,audio/bachNewman2001harpsichord/Bach_1_Newman_6_minor_bachNewman2001harpsichord.wav,98.4375,96.72364807,96.82753754,128.4957064,97.75059359,97.50884434,129.1992188
0,audio/bachNewman2001harpsichord/Bach_1_Newman_7_Major_bachNewman2001harpsichord.wav,89.1029129,172.265564,172.265564,182.6982338,57.12313978,172.265625,132.5120192
0,audio/bachNewman2001harpsichord/Bach_1_Newman_7_minor_bachNewman2001harpsichord.wav,97.50884247,96.00497437,96.00497437,93.76979327,97.80057195,95.703125,97.50884434
0,audio/bachNewman2001harpsichord/Bach_1_Newman_8_Major_bachNewman2001harpsichord.wav,105.46875,108.146904,108.2791214,107.7939819,31.10656177,107.6660156,107.6660156
0,audio/bachNewman2001harpsichord/Bach_1_Newman_8_minor_bachNewman2001harpsichord.wav,85.42097473,172.2655945,172.2655945,169.0859503,34.11007382,172.265625,114.84375
0,audio/bachNewman2001harpsichord/Bach_1_Newman_9_Major_bachNewman2001harpsichord.wav,93.11655426,184.5703278,184.5703278,182.2368454,46.2468025,184.5703125,123.046875
0,audio/bachNewman2001harpsichord/Bach_1_Newman_9_minor_bachNewman2001harpsichord.wav,126.8213196,128.6220856,123.7694473,82.81455331,28.58943951,126.0480183,126.0480183
0,audio/bachNewman2001piano/Bach_1_Newman_0_Major_bachNewman2001piano.wav,93.11655426,122.8048019,123.0907516,122.8518669,92.24811014,74.89809783,126.0480183
0,audio/bachNewman2001piano/Bach_1_Newman_0_minor_bachNewman2001piano.wav,133.3669281,130.1247559,132.5643158,130.7252583,75.98219486,139.6748311,132.5120192
0,audio/bachNewman2001piano/Bach_1_Newman_10_Major_bachNewman2001piano.wav,84.72080231,164.5151215,84.09268951,101.8865664,171.0745904,161.4990234,135.9991776
0,audio/bachNewman2001piano/Bach_1_Newman_10_minor_bachNewman2001piano.wav,82.03125,163.5829315,163.5829315,82.33814652,81.73814487,83.35433468,161.4990234
0,audio/bachNewman2001piano/Bach_1_Newman_11_Major_bachNewman2001piano.wav,78.90028381,152.8101044,152.8101044,106.9525639,,161.4990234,156.6051136
0,audio/bachNewman2001piano/Bach_1_Newman_11_minor_bachNewman2001piano.wav,93.11655426,184.5703583,184.5703583,183.3215815,92.26419173,191.40625,93.96306818
0,audio/bachNewman2001piano/Bach_1_Newman_1_Major_bachNewman2001piano.wav,104.4034119,152.5123444,152.5123444,159.2486692,,156.6051136,156.6051136
0,audio/bachNewman2001piano/Bach_1_Newman_1_minor_bachNewman2001piano.wav,95.703125,117.8205261,119.5749817,79.52197432,129.0400782,246.09375,120.1853198
0,audio/bachNewman2001piano/Bach_1_Newman_2_Major_bachNewman2001piano.wav,74.35926056,148.5489349,148.5489349,147.7941459,150.1381257,151.9990809,147.65625
0,audio/bachNewman2001piano/Bach_1_Newman_2_minor_bachNewman2001piano.wav,89.1029129,172.2655792,172.2656403,107.5806726,130.4582334,123.046875,132.5120192
0,audio/bachNewman2001piano/Bach_1_Newman_3_Major_bachNewman2001piano.wav,81.38533783,162.6153259,162.5073242,160.3170933,,78.30255682,107.6660156
0,audio/bachNewman2001piano/Bach_1_Newman_3_minor_bachNewman2001piano.wav,93.11655426,164.5862122,90.03738403,69.50587552,43.17942515,191.40625,114.84375
0,audio/bachNewman2001piano/Bach_1_Newman_4_Major_bachNewman2001piano.wav,143.5546875,140.7724152,140.7724152,95.27564755,142.124473,97.50884434,143.5546875
0,audio/bachNewman2001piano/Bach_1_Newman_4_minor_bachNewman2001piano.wav,78.3025589,147.8386688,147.8386688,150.1778383,,156.6051136,156.6051136
0,audio/bachNewman2001piano/Bach_1_Newman_5_Major_bachNewman2001piano.wav,91.46847534,133.0944824,133.0944824,131.8305817,,87.59269068,132.5120192
0,audio/bachNewman2001piano/Bach_1_Newman_5_minor_bachNewman2001piano.wav,101.3327179,103.7489777,103.7489777,102.4494709,104.1201947,107.6660156,107.6660156
0,audio/bachNewman2001piano/Bach_1_Newman_6_Major_bachNewman2001piano.wav,85.42097473,172.265625,172.265625,117.0575652,170.3316767,166.7086694,112.3471467
0,audio/bachNewman2001piano/Bach_1_Newman_6_minor_bachNewman2001piano.wav,120.185318,117.8979263,118.14888,117.9282474,120.1342033,120.1853198,120.1853198
0,audio/bachNewman2001piano/Bach_1_Newman_7_Major_bachNewman2001piano.wav,104.4034119,106.463028,105.8330841,72.87707762,105.6967335,147.65625,105.46875
0,audio/bachNewman2001piano/Bach_1_Newman_7_minor_bachNewman2001piano.wav,118.8038788,118.0174408,117.8066635,118.6817638,117.3988186,117.4538352,120.1853198
0,audio/bachNewman2001piano/Bach_1_Newman_8_Major_bachNewman2001piano.wav,70.3125,106.1644897,105.618187,105.9372919,105.9756742,105.46875,107.6660156
0,audio/bachNewman2001piano/Bach_1_Newman_8_minor_bachNewman2001piano.wav,130.8346558,129.2409515,129.2409515,130.5490246,130.9068028,132.5120192,132.5120192
0,audio/bachNewman2001piano/Bach_1_Newman_9_Major_bachNewman2001piano.wav,89.1029129,172.2656555,178.2058716,177.9076647,88.53496345,184.5703125,120.1853198
0,audio/bachNewman2001piano/Bach_1_Newman_9_minor_bachNewman2001piano.wav,66.68346405,132.9249878,122.7066345,93.12275928,29.19912263,84.72079918,129.1992188
0,audio/bachRichter1970/Bach_1_Richter_0_Major_bachRichter1970.wav,76.5625,152.141983,152.141983,103.8003773,102.963027,143.5546875,151.9990809
0,audio/bachRichter1970/Bach_1_Richter_0_minor_bachRichter1970.wav,130.8346558,129.5877075,129.5877075,128.9407053,65.28346851,65.41732595,129.1992188
0,audio/bachRichter1970/Bach_1_Richter_10_Major_bachRichter1970.wav,91.46847534,178.2058716,184.5703278,180.3136196,26.85257669,92.28515625,123.046875
0,audio/bachRichter1970/Bach_1_Richter_10_minor_bachRichter1970.wav,83.35433197,84.58850098,83.80882263,83.23940655,28.14278304,156.6051136,161.4990234
0,audio/bachRichter1970/Bach_1_Richter_11_Major_bachRichter1970.wav,99.38401794,129.8940887,132.8766022,129.9585247,96.81653448,92.28515625,135.9991776
0,audio/bachRichter1970/Bach_1_Richter_11_minor_bachRichter1970.wav,103.359375,103.2608185,103.1215134,104.2884611,51.44873326,52.20170455,105.46875
0,audio/bachRichter1970/Bach_1_Richter_1_Major_bachRichter1970.wav,90.66611481,132.0636749,137.2243805,138.8949456,137.3304312,92.28515625,139.6748311
0,audio/bachRichter1970/Bach_1_Richter_1_minor_bachRichter1970.wav,85.42097473,172.265625,164.6885834,174.7977003,28.67827512,50.66636029,166.7086694
0,audio/bachRichter1970/Bach_1_Richter_2_Major_bachRichter1970.wav,73.828125,146.9248962,146.441864,144.8271502,,74.89809783,147.65625
0,audio/bachRichter1970/Bach_1_Richter_2_minor_bachRichter1970.wav,77.71381378,153.9347687,153.9347687,154.353114,154.0823858,156.6051136,151.9990809
0,audio/bachRichter1970/Bach_1_Richter_3_Major_bachRichter1970.wav,96.59754944,129.1150665,129.6664734,100.0009225,,135.9991776,126.0480183
0,audio/bachRichter1970/Bach_1_Richter_3_minor_bachRichter1970.wav,114.84375,117.5627136,112.3205948,142.5843862,118.4627729,107.6660156,107.6660156
0,audio/bachRichter1970/Bach_1_Richter_4_Major_bachRichter1970.wav,74.35926056,148.2168427,148.5082397,146.4819803,149.1605196,151.9990809,151.9990809
0,audio/bachRichter1970/Bach_1_Richter_4_minor_bachRichter1970.wav,70.79409027,142.7549744,142.446167,142.8141489,28.39155994,151.9990809,139.6748311
0,audio/bachRichter1970/Bach_1_Richter_5_Major_bachRichter1970.wav,86.85662079,129.0600891,129.0600891,130.8558779,130.0645199,132.5120192,129.1992188
0,audio/bachRichter1970/Bach_1_Richter_5_minor_bachRichter1970.wav,94.82511139,92.95929718,92.95929718,182.5770538,93.53130115,184.5703125,95.703125
0,audio/bachRichter1970/Bach_1_Richter_6_Major_bachRichter1970.wav,135.999176,143.2558746,139.5015259,93.10378961,140.7498535,143.5546875,139.6748311
0,audio/bachRichter1970/Bach_1_Richter_6_minor_bachRichter1970.wav,62.26468277,125.0171738,125.0171738,125.6688493,124.9095795,126.0480183,126.0480183
0,audio/bachRichter1970/Bach_1_Richter_7_Major_bachRichter1970.wav,96.59754944,96.77888489,96.76581573,104.0338294,48.62204217,198.7680288,97.50884434
0,audio/bachRichter1970/Bach_1_Richter_7_minor_bachRichter1970.wav,93.9630661,184.5702209,184.5702209,174.1965476,93.31160746,184.5703125,95.703125
0,audio/bachRichter1970/Bach_1_Richter_8_Major_bachRichter1970.wav,78.90028381,118.7477036,118.7477036,79.72358566,78.86526585,79.50721154,117.4538352
0,audio/bachRichter1970/Bach_1_Richter_8_minor_bachRichter1970.wav,140.625,139.7414093,139.9115143,140.6630191,140.5722173,97.50884434,139.6748311
0,audio/bachRichter1970/Bach_1_Richter_9_Major_bachRichter1970.wav,87.59268951,172.2656708,172.2656708,115.7957413,172.9243486,166.7086694,117.4538352
0,audio/bachRichter1970/Bach_1_Richter_9_minor_bachRichter1970.wav,75.44480133,96.24279022,144.6170349,149.4784076,,151.9990809,147.65625
0,audio/bachTureck1953/Bach_1_Tureck_0_Major_bachTureck1953.wav,102.3360138,101.5830383,101.4947815,68.5376687,101.7204885,103.359375,103.359375
0,audio/bachTureck1953/Bach_1_Tureck_0_minor_bachTureck1953.wav,108.2297134,107.1406326,107.6236572,107.7487902,,107.6660156,107.6660156
0,audio/bachTureck1953/Bach_1_Tureck_10_Major_bachTureck1953.wav,80.12354279,161.6522217,161.7531128,155.4170601,159.5947991,161.4990234,156.6051136
0,audio/bachTureck1953/Bach_1_Tureck_10_minor_bachTureck1953.wav,136.8998413,142.0988159,132.8120117,133.4684822,135.140082,147.65625,129.1992188
0,audio/bachTureck1953/Bach_1_Tureck_11_Major_bachTureck1953.wav,130.011795,128.9581757,129.0713196,85.03422552,129.1436622,129.1992188,129.1992188
0,audio/bachTureck1953/Bach_1_Tureck_11_minor_bachTureck1953.wav,135.999176,135.7430878,135.8086853,134.8406269,33.91505312,135.9991776,132.5120192
0,audio/bachTureck1953/Bach_1_Tureck_1_Major_bachTureck1953.wav,84.03201294,126.5196152,126.5196152,127.4712646,,126.0480183,126.0480183
0,audio/bachTureck1953/Bach_1_Tureck_1_minor_bachTureck1953.wav,74.35926056,139.3684998,151.8189697,142.9632089,156.8960878,143.5546875,132.5120192
0,audio/bachTureck1953/Bach_1_Tureck_2_Major_bachTureck1953.wav,110.5447845,110.5433655,110.4478683,110.1801479,55.13384793,109.9567819,109.9567819
0,audio/bachTureck1953/Bach_1_Tureck_2_minor_bachTureck1953.wav,78.90028381,155.618042,155.4535675,156.3442695,,156.6051136,117.4538352
0,audio/bachTureck1953/Bach_1_Tureck_3_Major_bachTureck1953.wav,103.359375,107.3692856,107.3848648,107.9362433,108.6659357,107.6660156,107.6660156
0,audio/bachTureck1953/Bach_1_Tureck_3_minor_bachTureck1953.wav,100.3489075,103.1709824,103.8626785,170.2244161,,120.1853198,120.1853198
0,audio/bachTureck1953/Bach_1_Tureck_4_Major_bachTureck1953.wav,89.87771606,178.2058258,178.2058716,174.9442067,29.98746349,89.10290948,90.66611842
0,audio/bachTureck1953/Bach_1_Tureck_4_minor_bachTureck1953.wav,82.6875,163.8955688,164.1742706,168.3391167,,161.4990234,123.046875
0,audio/bachTureck1953/Bach_1_Tureck_5_Major_bachTureck1953.wav,103.359375,137.1959229,137.1959229,138.2058658,104.1981046,139.6748311,139.6748311
0,audio/bachTureck1953/Bach_1_Tureck_5_minor_bachTureck1953.wav,89.1029129,172.265564,178.2057495,176.08935,88.45205535,178.205819,126.0480183
0,audio/bachTureck1953/Bach_1_Tureck_6_Major_bachTureck1953.wav,105.46875,108.8668594,108.8668594,109.9101701,110.2249826,109.9567819,112.3471467
0,audio/bachTureck1953/Bach_1_Tureck_6_minor_bachTureck1953.wav,150.8896027,150.336731,150.336731,149.7711303,149.5376591,151.9990809,151.9990809
0,audio/bachTureck1953/Bach_1_Tureck_7_Major_bachTureck1953.wav,86.1328125,172.265625,172.2656403,171.4999149,172.3391783,172.265625,172.265625
0,audio/bachTureck1953/Bach_1_Tureck_7_minor_bachTureck1953.wav,83.35433197,163.7958069,163.1766968,166.1170215,164.5672995,166.7086694,112.3471467
0,audio/bachTureck1953/Bach_1_Tureck_8_Major_bachTureck1953.wav,87.59268951,88.00660706,88.00660706,172.2213145,174.0458271,172.265625,172.265625
0,audio/bachTureck1953/Bach_1_Tureck_8_minor_bachTureck1953.wav,132.5120239,129.4851685,129.3637085,133.0360412,133.975662,132.5120192,132.5120192
0,audio/bachTureck1953/Bach_1_Tureck_9_Major_bachTureck1953.wav,135.1102905,135.3105621,135.3105621,134.1387477,134.8181758,135.9991776,135.9991776
0,audio/bachTureck1953/Bach_1_Tureck_9_minor_bachTureck1953.wav,105.46875,109.5012131,109.3139725,109.4463183,108.690627,215.3320313,109.9567819
