,filename,mirmode_essentia-cqt,mirmode_essentia-sftf,mirmode_MIRtoolbox-std,mirmode_MIRtoolbox-dir,mirmode_librosa-cqt,mirmode_librosa-stft,mirmode_librosa-cens,mirmode_librosa-vqt
0,audio/Bach_1_NA_0_Major_flatMIDI.wav,-0.019100086,0.018691696,0.025160623,0.025160623,0.303895405,0.225285398,0.32279404,0.007467037
0,audio/Bach_1_NA_0_minor_flatMIDI.wav,0.019550296,0.047455598,0.076911598,0.076911598,-0.074799015,0.044604659,-0.110390151,0.021267088
0,audio/Bach_1_NA_10_Major_flatMIDI.wav,0.017933347,-0.010722063,-0.031615827,-0.031615828,0.07271274,-0.045629943,0.078140755,0.067706543
0,audio/Bach_1_NA_10_minor_flatMIDI.wav,-0.070260208,-0.034997186,-0.120925644,-0.120925644,-0.203399725,-0.177317328,-0.257481472,-0.112829611
0,audio/Bach_1_NA_11_Major_flatMIDI.wav,-0.201298124,-0.19723272,-0.163467039,-0.163467039,-0.146297614,-0.123901909,-0.130187746,-0.199509686
0,audio/Bach_1_NA_11_minor_flatMIDI.wav,0.096035738,0.212325501,0.250721828,0.250721827,0.129162271,0.003075316,0.117505245,0.171639548
0,audio/Bach_1_NA_1_Major_flatMIDI.wav,0.110422693,0.180475223,0.234572654,0.234572653,0.250811649,0.248588755,0.268960477,0.13367106
0,audio/Bach_1_NA_1_minor_flatMIDI.wav,-0.156216442,-0.018824707,-0.084674126,-0.084674127,-0.137085695,-0.176261352,-0.098746035,-0.123416009
0,audio/Bach_1_NA_2_Major_flatMIDI.wav,0.13781264,0.353740923,0.338773199,0.338773198,0.21439312,0.105034548,0.151848644,0.180367306
0,audio/Bach_1_NA_2_minor_flatMIDI.wav,-0.045387191,-0.07588908,0.119458062,0.119458061,-0.080223104,-0.177687363,-0.107822542,-0.059416823
0,audio/Bach_1_NA_3_Major_flatMIDI.wav,0.20567703,0.316622037,0.242883966,0.242883965,0.232971354,0.216118563,0.227310544,0.21777367
0,audio/Bach_1_NA_3_minor_flatMIDI.wav,0.017200304,-0.227124006,-0.203613256,-0.203613256,-0.227011925,-0.097911874,-0.189304595,-0.054151099
0,audio/Bach_1_NA_4_Major_flatMIDI.wav,0.025036413,0.276972765,0.219624621,0.21962462,0.272439108,0.179836743,0.263545882,0.035135192
0,audio/Bach_1_NA_4_minor_flatMIDI.wav,-0.080868645,-0.136124879,0.024382123,0.024382123,0.016493374,8.43E-05,0.034717231,-0.041757351
0,audio/Bach_1_NA_5_Major_flatMIDI.wav,-0.136987519,-0.151140486,-0.150148675,-0.150148676,-0.140015863,-0.261405623,-0.114432803,-0.119841876
0,audio/Bach_1_NA_5_minor_flatMIDI.wav,0.051409405,0.162800389,0.012089938,0.012089938,0.045923993,0.007898859,0.02616261,0.059353482
0,audio/Bach_1_NA_6_Major_flatMIDI.wav,0.044209676,0.099479354,0.224970558,0.224970558,0.185949806,0.009548181,0.192997459,0.168929928
0,audio/Bach_1_NA_6_minor_flatMIDI.wav,0.041811235,0.144491072,0.211158275,0.211158274,0.030760555,-0.007701279,0.011366785,0.060383309
0,audio/Bach_1_NA_7_Major_flatMIDI.wav,0.044123743,0.140309548,0.274264662,0.274264663,0.293537695,0.146483897,0.289531592,0.07440225
0,audio/Bach_1_NA_7_minor_flatMIDI.wav,-0.130997586,-0.003971273,0.032262512,0.032262511,-0.062928903,-0.101876475,-0.048659632,-0.101102478
0,audio/Bach_1_NA_8_Major_flatMIDI.wav,0.10094875,0.147470285,0.260472357,0.260472358,0.344401328,0.278329022,0.379176004,0.044843275
0,audio/Bach_1_NA_8_minor_flatMIDI.wav,-0.029540443,-0.078744605,0.117507234,0.117507233,0.029632345,-0.118435347,0.090765649,0.013758934
0,audio/Bach_1_NA_9_Major_flatMIDI.wav,0.158670473,0.289789812,0.291870839,0.291870838,0.173646834,0.070936835,0.162285694,0.22434509
0,audio/Bach_1_NA_9_minor_flatMIDI.wav,-0.056438986,-0.290237216,-0.243210306,-0.243210305,-0.272403428,-0.240699751,-0.294705192,-0.132096482
0,audio/bachAshk2006/Bach_1_Ashkenazy_0_Major_bachAshk2006.wav,0.060265017,0.158245096,0.017782356,0.017782356,0.278746837,0.271296411,0.284986688,0.084121603
0,audio/bachAshk2006/Bach_1_Ashkenazy_0_minor_bachAshk2006.wav,-0.032422447,-0.157623301,0.073268524,0.073268523,-0.068082739,-0.011604131,-0.134458531,-0.063432884
0,audio/bachAshk2006/Bach_1_Ashkenazy_10_Major_bachAshk2006.wav,-0.069589448,-0.002677622,-0.051761204,-0.051761205,-0.05970223,0.02149891,-0.082317168,-0.020452897
0,audio/bachAshk2006/Bach_1_Ashkenazy_10_minor_bachAshk2006.wav,-0.093936572,0.089531539,-0.131472213,-0.131472214,-0.227642159,-0.081213494,-0.221764455,-0.174870262
0,audio/bachAshk2006/Bach_1_Ashkenazy_11_Major_bachAshk2006.wav,-0.178895257,-0.250452281,-0.050650806,-0.050650806,-0.136706923,-0.209508077,-0.114666434,-0.281220973
0,audio/bachAshk2006/Bach_1_Ashkenazy_11_minor_bachAshk2006.wav,-0.046042294,-0.088274316,0.18454095,0.184540949,-0.009218165,-0.244214062,0.046587437,0.08329116
0,audio/bachAshk2006/Bach_1_Ashkenazy_1_Major_bachAshk2006.wav,0.096735705,0.134928369,0.256569214,0.256569213,0.229487375,0.250900154,0.294772935,0.109062487
0,audio/bachAshk2006/Bach_1_Ashkenazy_1_minor_bachAshk2006.wav,-0.203061235,0.006311195,-0.143939194,-0.143939194,-0.144986234,-0.17019923,-0.155922921,-0.27160291
0,audio/bachAshk2006/Bach_1_Ashkenazy_2_Major_bachAshk2006.wav,-0.037444473,-0.106161747,0.065616492,0.065616492,0.071343036,-0.004575027,0.08240613,0.013557964
0,audio/bachAshk2006/Bach_1_Ashkenazy_2_minor_bachAshk2006.wav,-0.061012807,0.031041267,0.028110925,0.028110924,-0.089239355,-0.036621436,-0.111827143,-0.022324733
0,audio/bachAshk2006/Bach_1_Ashkenazy_3_Major_bachAshk2006.wav,0.210621556,0.160066713,0.206226956,0.206226955,0.240646431,0.202532948,0.24095037,0.252590319
0,audio/bachAshk2006/Bach_1_Ashkenazy_3_minor_bachAshk2006.wav,-0.180522965,-0.164823054,-0.151824397,-0.151824397,-0.115889087,0.052995624,-0.126972072,-0.162817374
0,audio/bachAshk2006/Bach_1_Ashkenazy_4_Major_bachAshk2006.wav,0.03578647,0.168100639,0.223359093,0.223359093,0.265340159,0.143204673,0.233689106,0.074207373
0,audio/bachAshk2006/Bach_1_Ashkenazy_4_minor_bachAshk2006.wav,-0.042006754,-0.112886575,-0.125185569,-0.125185569,-0.116017129,-0.043502923,-0.105909287,-0.085198427
0,audio/bachAshk2006/Bach_1_Ashkenazy_5_Major_bachAshk2006.wav,-0.203568949,-0.174141177,-0.207759764,-0.207759764,-0.117652273,-0.102329028,-0.132830513,-0.332007436
0,audio/bachAshk2006/Bach_1_Ashkenazy_5_minor_bachAshk2006.wav,-0.167026862,-0.095908081,-0.210464386,-0.210464387,0.010015769,0.033356084,0.000619367,-0.081696768
0,audio/bachAshk2006/Bach_1_Ashkenazy_6_Major_bachAshk2006.wav,0.060197452,0.178317773,0.174467319,0.174467319,0.33788612,0.185990567,0.301141235,0.139846992
0,audio/bachAshk2006/Bach_1_Ashkenazy_6_minor_bachAshk2006.wav,-0.039617091,0.01450232,0.104665672,0.104665672,0.001207979,-0.024295694,-0.001462225,-0.041268453
0,audio/bachAshk2006/Bach_1_Ashkenazy_7_Major_bachAshk2006.wav,0.037476095,0.090225711,0.325793462,0.325793461,0.178739675,0.114800017,0.195319518,0.109580324
0,audio/bachAshk2006/Bach_1_Ashkenazy_7_minor_bachAshk2006.wav,-0.00851027,-0.039594184,0.041582431,0.04158243,-0.006518531,-0.067661851,-0.032975462,-0.035867076
0,audio/bachAshk2006/Bach_1_Ashkenazy_8_Major_bachAshk2006.wav,0.191374924,0.177530444,0.35977681,0.35977681,0.355090726,0.265946,0.358482219,0.172009647
0,audio/bachAshk2006/Bach_1_Ashkenazy_8_minor_bachAshk2006.wav,-0.01156979,-0.003661833,0.137963098,0.137963098,0.155315553,0.008382495,0.152974786,-0.010192118
0,audio/bachAshk2006/Bach_1_Ashkenazy_9_Major_bachAshk2006.wav,0.020987264,0.011907829,0.152403242,0.152403242,0.0845903,-0.07662503,0.09783333,0.024466686
0,audio/bachAshk2006/Bach_1_Ashkenazy_9_minor_bachAshk2006.wav,-0.006594642,-0.137293558,-0.220196128,-0.220196128,-0.31743672,-0.170086423,-0.311707431,-0.089278907
0,audio/bachAshk2006Deadpan/Bach_1_Ashkenazy_0_Major_bachAshk2006Deadpan.wav,0.127636805,0.131138069,-0.054223371,-0.054223371,0.232827863,0.194905394,0.226256742,0.128382229
0,audio/bachAshk2006Deadpan/Bach_1_Ashkenazy_0_minor_bachAshk2006Deadpan.wav,0.039880063,-0.035369864,0.195892783,0.195892782,-0.030916293,0.13032128,-0.05281018,0.03869101
0,audio/bachAshk2006Deadpan/Bach_1_Ashkenazy_10_Major_bachAshk2006Deadpan.wav,0.058386069,0.13349451,-0.024106965,-0.024106965,0.074888476,-0.112333039,0.019264635,0.047753295
0,audio/bachAshk2006Deadpan/Bach_1_Ashkenazy_10_minor_bachAshk2006Deadpan.wav,-0.170961557,-0.254585975,-0.215268346,-0.215268346,-0.253504737,-0.19085218,-0.234034684,-0.251885025
0,audio/bachAshk2006Deadpan/Bach_1_Ashkenazy_11_Major_bachAshk2006Deadpan.wav,-0.199561291,-0.073951105,-0.173201962,-0.173201962,-0.114631853,-0.105197089,-0.126580564,-0.159801103
0,audio/bachAshk2006Deadpan/Bach_1_Ashkenazy_11_minor_bachAshk2006Deadpan.wav,0.075730176,0.254207442,0.223160736,0.223160736,0.122093074,0.084272776,0.117479092,0.154256476
0,audio/bachAshk2006Deadpan/Bach_1_Ashkenazy_1_Major_bachAshk2006Deadpan.wav,0.170232157,0.12749207,0.171822886,0.171822886,0.207451531,0.194461941,0.217355227,0.173146167
0,audio/bachAshk2006Deadpan/Bach_1_Ashkenazy_1_minor_bachAshk2006Deadpan.wav,-0.133998435,-0.004598773,-0.208328006,-0.208328007,-0.044418354,-0.083258127,-0.066227763,-0.120106454
0,audio/bachAshk2006Deadpan/Bach_1_Ashkenazy_2_Major_bachAshk2006Deadpan.wav,0.013008015,0.269962641,0.291421348,0.291421347,0.173402598,0.129464192,0.097796967,0.110930547
0,audio/bachAshk2006Deadpan/Bach_1_Ashkenazy_2_minor_bachAshk2006Deadpan.wav,-0.111494882,-0.057560385,0.112915249,0.112915249,-0.091349446,-0.270787646,-0.076356766,-0.124768053
0,audio/bachAshk2006Deadpan/Bach_1_Ashkenazy_3_Major_bachAshk2006Deadpan.wav,0.196505339,0.153756538,0.243428507,0.243428507,0.252991463,0.164183761,0.258973633,0.199262066
0,audio/bachAshk2006Deadpan/Bach_1_Ashkenazy_3_minor_bachAshk2006Deadpan.wav,-0.042104482,-0.215891319,-0.106106039,-0.106106039,-0.231098588,-0.212714683,-0.200799806,-0.127876917
0,audio/bachAshk2006Deadpan/Bach_1_Ashkenazy_4_Major_bachAshk2006Deadpan.wav,0.135251165,0.186410053,0.251066819,0.251066819,0.28311645,0.172149567,0.271180642,0.117461325
0,audio/bachAshk2006Deadpan/Bach_1_Ashkenazy_4_minor_bachAshk2006Deadpan.wav,-0.194305512,-0.256269856,-0.185476833,-0.185476833,0.002894241,-0.011605207,-0.008003297,-0.267072875
0,audio/bachAshk2006Deadpan/Bach_1_Ashkenazy_5_Major_bachAshk2006Deadpan.wav,-0.050844007,-0.00634943,-0.084804621,-0.084804622,-0.062784009,-0.227838874,-0.067031304,-0.094398847
0,audio/bachAshk2006Deadpan/Bach_1_Ashkenazy_5_minor_bachAshk2006Deadpan.wav,-0.06680981,-0.156358746,-0.068877084,-0.068877084,-0.144542191,-0.085861723,-0.14746006,-0.184405177
0,audio/bachAshk2006Deadpan/Bach_1_Ashkenazy_6_Major_bachAshk2006Deadpan.wav,0.03491686,0.124428547,0.159353164,0.159353164,0.172641049,0.055738523,0.193749072,0.056020136
0,audio/bachAshk2006Deadpan/Bach_1_Ashkenazy_6_minor_bachAshk2006Deadpan.wav,0.074748995,0.193692784,0.234002113,0.234002112,0.07992431,-0.015143501,0.035545737,0.109700763
0,audio/bachAshk2006Deadpan/Bach_1_Ashkenazy_7_Major_bachAshk2006Deadpan.wav,0.046407592,0.182135945,0.244557412,0.244557412,0.271557374,0.165794609,0.252799798,0.12914927
0,audio/bachAshk2006Deadpan/Bach_1_Ashkenazy_7_minor_bachAshk2006Deadpan.wav,-0.115346505,0.19086795,0.078299106,0.078299106,-0.034675271,0.051762578,-0.076730646,-0.118861095
0,audio/bachAshk2006Deadpan/Bach_1_Ashkenazy_8_Major_bachAshk2006Deadpan.wav,0.183062784,0.209151243,0.269930209,0.269930209,0.339483698,0.210581943,0.379412506,0.210775903
0,audio/bachAshk2006Deadpan/Bach_1_Ashkenazy_8_minor_bachAshk2006Deadpan.wav,0.056686771,0.076727626,0.109207827,0.109207827,0.083270448,0.125936421,0.106380798,0.126403125
0,audio/bachAshk2006Deadpan/Bach_1_Ashkenazy_9_Major_bachAshk2006Deadpan.wav,0.148799336,0.384521068,0.283681889,0.283681888,0.208612825,0.26132204,0.13738073,0.22845442
0,audio/bachAshk2006Deadpan/Bach_1_Ashkenazy_9_minor_bachAshk2006Deadpan.wav,-0.079217845,-0.378820828,-0.287602596,-0.287602596,-0.29503282,-0.197480077,-0.280714195,-0.171270572
0,audio/bachBarenboim2006/Bach_1_Barenboim_0_Major_bachBarenboim2006.wav,-0.123938149,-0.043287576,-0.201533429,-0.201533428,0.10217939,0.01385146,0.180255164,-0.137361635
0,audio/bachBarenboim2006/Bach_1_Barenboim_0_minor_bachBarenboim2006.wav,0.100631125,0.03896908,0.218432324,0.218432323,0.130590604,0.016522092,0.105724234,0.118626278
0,audio/bachBarenboim2006/Bach_1_Barenboim_10_Major_bachBarenboim2006.wav,0.117022005,0.242683421,0.120612221,0.12061222,0.251861069,0.033894319,0.219676398,0.177285383
0,audio/bachBarenboim2006/Bach_1_Barenboim_10_minor_bachBarenboim2006.wav,-0.129048234,-0.105481496,-0.080686807,-0.080686807,-0.27040936,-0.218811044,-0.263227477,-0.103399353
0,audio/bachBarenboim2006/Bach_1_Barenboim_11_Major_bachBarenboim2006.wav,-0.141102342,-0.114296901,0.048160996,0.048160996,-0.032724471,-0.140664108,-0.086753003,-0.084594717
0,audio/bachBarenboim2006/Bach_1_Barenboim_11_minor_bachBarenboim2006.wav,0.077301045,0.223991331,0.097093804,0.097093804,0.171168066,0.054146783,0.161161208,0.148371812
0,audio/bachBarenboim2006/Bach_1_Barenboim_1_Major_bachBarenboim2006.wav,0.04497288,0.152339107,0.212483568,0.212483568,0.082267494,0.178791835,0.041920818,-0.009514949
0,audio/bachBarenboim2006/Bach_1_Barenboim_1_minor_bachBarenboim2006.wav,-0.09660461,-0.087687884,-0.200587675,-0.200587676,-0.101457789,-0.164005312,-0.07279555,-0.048746244
0,audio/bachBarenboim2006/Bach_1_Barenboim_2_Major_bachBarenboim2006.wav,0.021779673,-0.119020669,0.000502534,0.000502533,0.26477492,-0.067154641,0.281373872,0.073391013
0,audio/bachBarenboim2006/Bach_1_Barenboim_2_minor_bachBarenboim2006.wav,0.135723278,0.117897066,0.193705198,0.193705197,0.050385505,0.028074543,0.022505883,0.188078976
0,audio/bachBarenboim2006/Bach_1_Barenboim_3_Major_bachBarenboim2006.wav,0.125791744,0.065284407,0.218267676,0.218267675,0.26007587,0.203877933,0.271662367,0.108248049
0,audio/bachBarenboim2006/Bach_1_Barenboim_3_minor_bachBarenboim2006.wav,-0.105795503,-0.216942139,-0.263707232,-0.263707231,-0.246624989,-0.177587539,-0.213061779,-0.190465502
0,audio/bachBarenboim2006/Bach_1_Barenboim_4_Major_bachBarenboim2006.wav,0.011319339,-0.006280088,0.092935643,0.092935643,0.238609714,0.159012454,0.230168715,0.017890983
0,audio/bachBarenboim2006/Bach_1_Barenboim_4_minor_bachBarenboim2006.wav,0.025576673,0.148333014,0.003423311,0.003423311,0.018644754,-0.053636179,0.001787104,0.004830065
0,audio/bachBarenboim2006/Bach_1_Barenboim_5_Major_bachBarenboim2006.wav,-0.031540301,-0.163137296,-0.217432527,-0.217432528,-0.08273767,-0.180511483,-0.030376931,-0.045520205
0,audio/bachBarenboim2006/Bach_1_Barenboim_5_minor_bachBarenboim2006.wav,-0.22681709,-0.225434093,-0.256477638,-0.256477638,-0.047394061,-0.31992439,-0.026088183,-0.313190414
0,audio/bachBarenboim2006/Bach_1_Barenboim_6_Major_bachBarenboim2006.wav,0.070954764,0.138140728,0.226767867,0.226767867,0.185341764,0.037449806,0.185977686,0.131895011
0,audio/bachBarenboim2006/Bach_1_Barenboim_6_minor_bachBarenboim2006.wav,0.008706329,-0.05611786,0.020219069,0.020219068,0.031852789,-0.028372352,0.018790621,-0.025817132
0,audio/bachBarenboim2006/Bach_1_Barenboim_7_Major_bachBarenboim2006.wav,-0.073057219,2.38E-05,0.205221044,0.205221044,0.14237031,0.232352681,0.102809725,-0.043875831
0,audio/bachBarenboim2006/Bach_1_Barenboim_7_minor_bachBarenboim2006.wav,0.047915632,0.0764815,-0.039694728,-0.039694729,0.006364204,0.005268708,0.040264013,0.008001522
0,audio/bachBarenboim2006/Bach_1_Barenboim_8_Major_bachBarenboim2006.wav,0.088557059,-0.047337732,0.252268868,0.252268868,0.272901988,0.224877132,0.306774449,0.029917174
0,audio/bachBarenboim2006/Bach_1_Barenboim_8_minor_bachBarenboim2006.wav,-0.217343964,-0.019066837,-0.145907118,-0.145907118,-0.121552009,-0.077319032,-0.074455238,-0.171759099
0,audio/bachBarenboim2006/Bach_1_Barenboim_9_Major_bachBarenboim2006.wav,-0.021204409,-0.132467606,-0.01625182,-0.01625182,0.142086269,-0.043693813,0.158811979,-0.011330015
0,audio/bachBarenboim2006/Bach_1_Barenboim_9_minor_bachBarenboim2006.wav,-0.263105448,-0.110256029,-0.251677116,-0.251677117,-0.374445833,-0.190442479,-0.394023029,-0.26645239
0,audio/bachDemaria2015/Bach_1_De-Maria_0_Major_bachDemaria2015.wav,-0.042947996,0.209383716,0.064211185,0.064211185,0.360586188,0.208523866,0.367499314,-0.034929168
0,audio/bachDemaria2015/Bach_1_De-Maria_0_minor_bachDemaria2015.wav,0.045657058,-0.098264115,-0.074918479,-0.07491848,-0.176179887,-0.061405338,-0.181066432,0.045912485
0,audio/bachDemaria2015/Bach_1_De-Maria_10_Major_bachDemaria2015.wav,0.030046975,0.077956771,0.140761018,0.140761018,0.116110121,-0.060793709,0.027175216,0.030539061
0,audio/bachDemaria2015/Bach_1_De-Maria_10_minor_bachDemaria2015.wav,-0.10373147,0.146104726,-0.046737678,-0.046737678,-0.243121789,-0.198499101,-0.21517672,-0.095540002
0,audio/bachDemaria2015/Bach_1_De-Maria_11_Major_bachDemaria2015.wav,0.255583839,0.006993179,0.132912751,0.132912751,0.066129576,0.018049189,0.070233153,0.232529681
0,audio/bachDemaria2015/Bach_1_De-Maria_11_minor_bachDemaria2015.wav,0.022246572,0.159217098,0.098399611,0.098399611,0.148205663,-0.134350389,0.163807334,0.128887773
0,audio/bachDemaria2015/Bach_1_De-Maria_1_Major_bachDemaria2015.wav,0.073223382,-0.001503132,0.207875953,0.207875954,0.023354823,0.143830781,-0.040213457,0.043274906
0,audio/bachDemaria2015/Bach_1_De-Maria_1_minor_bachDemaria2015.wav,-0.152795902,-0.194608634,-0.279124348,-0.279124348,-0.128005137,-0.226611723,-0.104563513,-0.125952749
0,audio/bachDemaria2015/Bach_1_De-Maria_2_Major_bachDemaria2015.wav,-0.099658371,-0.126748506,0.033625966,0.033625965,0.137273123,-0.003605772,0.162112999,-0.009860594
0,audio/bachDemaria2015/Bach_1_De-Maria_2_minor_bachDemaria2015.wav,-0.059441361,0.029826013,0.186050339,0.186050338,0.117176609,-0.110649603,0.059303998,0.016829891
0,audio/bachDemaria2015/Bach_1_De-Maria_3_Major_bachDemaria2015.wav,0.212266805,-0.045791604,-0.017758403,-0.017758404,0.171405988,-0.08363501,0.190115032,0.158206769
0,audio/bachDemaria2015/Bach_1_De-Maria_3_minor_bachDemaria2015.wav,-0.057078572,0.203548913,0.071001276,0.071001276,0.013841922,0.015643945,0.063189335,0.034735671
0,audio/bachDemaria2015/Bach_1_De-Maria_4_Major_bachDemaria2015.wav,-0.101116338,0.106252909,0.150723005,0.150723005,0.062757497,0.051833225,-0.002298569,-0.114444088
0,audio/bachDemaria2015/Bach_1_De-Maria_4_minor_bachDemaria2015.wav,-0.179121196,-0.26237322,-0.050682806,-0.050682806,-0.073339577,-0.059875133,-0.057937949,-0.069032633
0,audio/bachDemaria2015/Bach_1_De-Maria_5_Major_bachDemaria2015.wav,-0.246887877,-0.307069501,-0.168626938,-0.168626939,-0.036359506,-0.113916459,-0.019728528,-0.198801533
0,audio/bachDemaria2015/Bach_1_De-Maria_5_minor_bachDemaria2015.wav,0.134289135,0.215813912,-0.014536955,-0.014536956,-0.006949532,0.019812908,-0.029139678,0.172458049
0,audio/bachDemaria2015/Bach_1_De-Maria_6_Major_bachDemaria2015.wav,-0.032234939,0.245209082,0.250537651,0.250537651,0.249691028,0.150758482,0.235810891,-0.013192141
0,audio/bachDemaria2015/Bach_1_De-Maria_6_minor_bachDemaria2015.wav,-0.093935751,-0.056854742,0.093587969,0.093587968,-0.045111123,-0.107109934,-0.036137553,-0.08398587
0,audio/bachDemaria2015/Bach_1_De-Maria_7_Major_bachDemaria2015.wav,-0.046098903,-0.10894514,0.057808261,0.05780826,0.052587221,0.153277238,0.046501178,0.066595716
0,audio/bachDemaria2015/Bach_1_De-Maria_7_minor_bachDemaria2015.wav,0.056137873,-0.065076153,0.083156187,0.083156186,-0.044241254,-0.24683799,-0.062546035,-0.008753597
0,audio/bachDemaria2015/Bach_1_De-Maria_8_Major_bachDemaria2015.wav,0.167927381,0.164055159,0.335382468,0.335382468,0.161256773,0.224623145,0.113090368,0.136658128
0,audio/bachDemaria2015/Bach_1_De-Maria_8_minor_bachDemaria2015.wav,-0.196627566,-0.292585696,-0.059732466,-0.059732466,-0.036258446,-0.071480085,0.040448239,-0.189554067
0,audio/bachDemaria2015/Bach_1_De-Maria_9_Major_bachDemaria2015.wav,0.001047614,-0.144956716,0.02103697,0.02103697,0.115413871,0.022424642,0.110639199,-0.010012576
0,audio/bachDemaria2015/Bach_1_De-Maria_9_minor_bachDemaria2015.wav,-0.090731615,-0.233030523,-0.251464349,-0.251464349,-0.304899445,-0.142368163,-0.292771607,-0.202523059
0,audio/bachDemaria2015Deadpan/Bach_1_De-Maria_0_Major_bachDemaria2015Deadpan.wav,0.113327618,0.132329673,-0.046783157,-0.046783157,0.228424015,0.212014803,0.214107062,0.123207968
0,audio/bachDemaria2015Deadpan/Bach_1_De-Maria_0_minor_bachDemaria2015Deadpan.wav,0.075448785,0.011909429,0.184105027,0.184105026,0.019385027,0.081146143,-0.015684015,0.067784215
0,audio/bachDemaria2015Deadpan/Bach_1_De-Maria_10_Major_bachDemaria2015Deadpan.wav,0.017772606,0.09666248,-0.028789314,-0.028789314,0.033227646,-0.154530301,0.012321252,0.000893983
0,audio/bachDemaria2015Deadpan/Bach_1_De-Maria_10_minor_bachDemaria2015Deadpan.wav,-0.139242967,-0.283455683,-0.21565672,-0.21565672,-0.27872333,-0.242042268,-0.25777548,-0.21737654
0,audio/bachDemaria2015Deadpan/Bach_1_De-Maria_11_Major_bachDemaria2015Deadpan.wav,-0.17980547,-0.142143484,-0.175171616,-0.175171617,-0.110803406,-0.107252736,-0.120075097,-0.170939793
0,audio/bachDemaria2015Deadpan/Bach_1_De-Maria_11_minor_bachDemaria2015Deadpan.wav,-0.004974566,0.290534311,0.237310978,0.237310978,0.089715586,0.138531851,0.084925514,0.103670292
0,audio/bachDemaria2015Deadpan/Bach_1_De-Maria_1_Major_bachDemaria2015Deadpan.wav,0.175670357,0.131408133,0.18237716,0.182377159,0.216039353,0.188229225,0.237212631,0.172056127
0,audio/bachDemaria2015Deadpan/Bach_1_De-Maria_1_minor_bachDemaria2015Deadpan.wav,-0.140405824,0.029901772,-0.207298777,-0.207298778,-0.032592216,-0.033546351,-0.056498623,-0.110121179
0,audio/bachDemaria2015Deadpan/Bach_1_De-Maria_2_Major_bachDemaria2015Deadpan.wav,-0.006976549,0.235056589,0.277883595,0.277883594,0.111229043,0.0478684,0.047618004,0.076931914
0,audio/bachDemaria2015Deadpan/Bach_1_De-Maria_2_minor_bachDemaria2015Deadpan.wav,-0.128173925,-0.079625627,0.109867035,0.109867034,-0.095697803,-0.290041261,-0.088025872,-0.156861777
0,audio/bachDemaria2015Deadpan/Bach_1_De-Maria_3_Major_bachDemaria2015Deadpan.wav,0.120724838,0.211505985,0.241281101,0.2412811,0.246412636,0.200834688,0.25485768,0.183188054
0,audio/bachDemaria2015Deadpan/Bach_1_De-Maria_3_minor_bachDemaria2015Deadpan.wav,-0.033086466,-0.240365291,-0.101823307,-0.101823308,-0.228351001,-0.250679809,-0.209836276,-0.122686974
0,audio/bachDemaria2015Deadpan/Bach_1_De-Maria_4_Major_bachDemaria2015Deadpan.wav,0.119479494,0.21186651,0.231983433,0.231983433,0.257861257,0.188701789,0.231183187,0.149779793
0,audio/bachDemaria2015Deadpan/Bach_1_De-Maria_4_minor_bachDemaria2015Deadpan.wav,-0.143700083,-0.228262688,-0.184440919,-0.184440918,0.023051972,0.032623147,0.003522553,-0.214517653
0,audio/bachDemaria2015Deadpan/Bach_1_De-Maria_5_Major_bachDemaria2015Deadpan.wav,-0.093281049,-0.04397183,-0.081339516,-0.081339518,-0.073331326,-0.262312733,-0.083023974,-0.12601733
0,audio/bachDemaria2015Deadpan/Bach_1_De-Maria_5_minor_bachDemaria2015Deadpan.wav,-0.063373871,-0.164312286,-0.044154894,-0.044154894,-0.135227514,-0.097419081,-0.139548393,-0.186135876
0,audio/bachDemaria2015Deadpan/Bach_1_De-Maria_6_Major_bachDemaria2015Deadpan.wav,0.043434448,0.101742301,0.171484022,0.171484022,0.184983391,0.107756613,0.197734827,0.082509455
0,audio/bachDemaria2015Deadpan/Bach_1_De-Maria_6_minor_bachDemaria2015Deadpan.wav,0.046791636,0.228658778,0.212537387,0.212537386,0.071948318,0.017389202,0.036702873,0.072813095
0,audio/bachDemaria2015Deadpan/Bach_1_De-Maria_7_Major_bachDemaria2015Deadpan.wav,0.042199477,0.093379371,0.240284233,0.240284234,0.284092521,0.201252179,0.302435625,0.130642011
0,audio/bachDemaria2015Deadpan/Bach_1_De-Maria_7_minor_bachDemaria2015Deadpan.wav,-0.118306039,0.152616315,0.047350093,0.047350093,-0.05488875,0.036101653,-0.090333477,-0.121777939
0,audio/bachDemaria2015Deadpan/Bach_1_De-Maria_8_Major_bachDemaria2015Deadpan.wav,0.089233644,0.231728727,0.253167997,0.253167997,0.34018156,0.220138896,0.35958675,0.125492772
0,audio/bachDemaria2015Deadpan/Bach_1_De-Maria_8_minor_bachDemaria2015Deadpan.wav,-0.063627145,0.074020777,0.087252485,0.087252485,0.097980413,0.054959891,0.059319173,0.026560982
0,audio/bachDemaria2015Deadpan/Bach_1_De-Maria_9_Major_bachDemaria2015Deadpan.wav,0.139007329,0.345690061,0.279788721,0.27978872,0.202435697,0.237247016,0.151830859,0.212714257
0,audio/bachDemaria2015Deadpan/Bach_1_De-Maria_9_minor_bachDemaria2015Deadpan.wav,-0.082507385,-0.356341923,-0.266623468,-0.266623467,-0.313056997,-0.166692302,-0.297315804,-0.168653826
0,audio/bachDemus1970/Bach_1_Demus_0_Major_bachDemus1970.wav,-0.030734951,0.101068024,0.212830029,0.212830028,0.343612931,0.092200768,0.354301566,0.035740116
0,audio/bachDemus1970/Bach_1_Demus_0_minor_bachDemus1970.wav,-0.110994242,-0.158551215,-0.110281903,-0.110281903,-0.211888214,-0.024477745,-0.210996576,-0.115387676
0,audio/bachDemus1970/Bach_1_Demus_10_Major_bachDemus1970.wav,0.176426564,0.090793131,0.243524317,0.243524317,0.168501898,0.095010839,0.119456574,0.161192731
0,audio/bachDemus1970/Bach_1_Demus_10_minor_bachDemus1970.wav,-0.198539748,-0.145644136,-0.30289163,-0.302891629,-0.309608809,-0.188376376,-0.291587232,-0.259760875
0,audio/bachDemus1970/Bach_1_Demus_11_Major_bachDemus1970.wav,-0.092848505,-0.027998389,0.012048446,0.012048445,-0.041984712,-0.134392949,-0.036931189,-0.126085563
0,audio/bachDemus1970/Bach_1_Demus_11_minor_bachDemus1970.wav,-0.123772445,-0.077946328,-0.125382561,-0.125382561,-0.071949235,-0.108153286,-0.055785417,-0.147815059
0,audio/bachDemus1970/Bach_1_Demus_1_Major_bachDemus1970.wav,0.085123662,0.064070663,0.138730823,0.138730823,0.171372615,0.176534325,0.21841428,0.079511448
0,audio/bachDemus1970/Bach_1_Demus_1_minor_bachDemus1970.wav,-0.258851778,0.009633623,-0.089544805,-0.089544806,-0.02202782,-0.049270381,-0.012635409,-0.197768796
0,audio/bachDemus1970/Bach_1_Demus_2_Major_bachDemus1970.wav,-0.119107347,-0.126985369,0.036014564,0.036014564,0.107391378,0.038589826,0.134727307,-0.108232225
0,audio/bachDemus1970/Bach_1_Demus_2_minor_bachDemus1970.wav,0.008765882,-0.025444993,0.192516573,0.192516572,0.005873814,-0.140715328,-0.035805007,0.033867379
0,audio/bachDemus1970/Bach_1_Demus_3_Major_bachDemus1970.wav,0.104992503,0.101975533,0.179980478,0.179980478,0.218229357,0.311672616,0.218931499,0.131456822
0,audio/bachDemus1970/Bach_1_Demus_3_minor_bachDemus1970.wav,-0.001012324,0.163665127,0.205299886,0.205299886,-0.039220543,0.023440395,-0.053898785,0.070726083
0,audio/bachDemus1970/Bach_1_Demus_4_Major_bachDemus1970.wav,0.137974073,0.149623315,0.158810326,0.158810327,0.239414434,0.148943148,0.269640031,0.045626629
0,audio/bachDemus1970/Bach_1_Demus_4_minor_bachDemus1970.wav,-0.152393437,-0.26913002,-0.143310148,-0.143310149,-0.008864374,-0.066913328,-0.005392272,-0.198177424
0,audio/bachDemus1970/Bach_1_Demus_5_Major_bachDemus1970.wav,-0.160835266,-0.259163998,-0.112375974,-0.112375974,-0.131071181,-0.272507902,-0.096138452,-0.178583902
0,audio/bachDemus1970/Bach_1_Demus_5_minor_bachDemus1970.wav,0.028483146,0.195424488,-0.068495357,-0.068495357,-0.031642486,0.098543907,-0.041330464,0.096688717
0,audio/bachDemus1970/Bach_1_Demus_6_Major_bachDemus1970.wav,-0.080674076,0.004331687,0.195462711,0.195462711,0.276918586,0.189358466,0.273928863,-0.032816941
0,audio/bachDemus1970/Bach_1_Demus_6_minor_bachDemus1970.wav,-0.048161459,0.051460393,0.14467539,0.14467539,0.014807016,0.047604732,0.021052214,0.006330872
0,audio/bachDemus1970/Bach_1_Demus_7_Major_bachDemus1970.wav,0.16078932,-0.088691964,-0.010658351,-0.010658351,0.176700446,0.227338821,0.197427915,0.165667353
0,audio/bachDemus1970/Bach_1_Demus_7_minor_bachDemus1970.wav,-0.013587576,-0.085586755,-0.032236114,-0.032236114,-0.054924247,-0.123670591,-0.046663559,-0.045155028
0,audio/bachDemus1970/Bach_1_Demus_8_Major_bachDemus1970.wav,0.113346228,0.180793951,0.208592661,0.208592661,0.308173823,0.246546342,0.311270737,0.16253926
0,audio/bachDemus1970/Bach_1_Demus_8_minor_bachDemus1970.wav,-0.15121938,0.051044945,0.155340376,0.155340377,0.001755235,-0.050184277,0.024182245,-0.14547604
0,audio/bachDemus1970/Bach_1_Demus_9_Major_bachDemus1970.wav,0.014720932,-0.120118078,0.068754458,0.068754459,0.142990331,0.098831085,0.175797421,-0.027210774
0,audio/bachDemus1970/Bach_1_Demus_9_minor_bachDemus1970.wav,-0.069122784,-0.242744377,-0.087057188,-0.087057188,-0.226319302,-0.125876883,-0.247678019,-0.083279401
0,audio/bachFischer1934/Bach_1_Fischer_0_Major_bachFischer1934.wav,0.077112023,0.050876684,0.070312496,0.070312497,0.307057101,0.199775867,0.315366851,0.092472003
0,audio/bachFischer1934/Bach_1_Fischer_0_minor_bachFischer1934.wav,0.096840825,0.133574156,0.213322446,0.213322446,-0.003652949,0.085545954,-0.042535396,0.174102861
0,audio/bachFischer1934/Bach_1_Fischer_10_Major_bachFischer1934.wav,0.093333994,0.048675462,0.071371602,0.071371602,0.017827718,-0.023152297,0.000298091,0.003043775
0,audio/bachFischer1934/Bach_1_Fischer_10_minor_bachFischer1934.wav,0.099220092,0.043808152,-0.060185777,-0.060185778,-0.176360733,-0.097456911,-0.130750729,0.069742311
0,audio/bachFischer1934/Bach_1_Fischer_11_Major_bachFischer1934.wav,-0.018619454,-0.308168012,-0.163125108,-0.163125107,-0.102644266,-0.233981638,-0.05955208,-0.198793806
0,audio/bachFischer1934/Bach_1_Fischer_11_minor_bachFischer1934.wav,0.161345866,0.050675769,-0.006233464,-0.006233464,-0.081926649,-0.06928673,-0.10962304,-0.062524437
0,audio/bachFischer1934/Bach_1_Fischer_1_Major_bachFischer1934.wav,0.065040658,0.062759616,0.193760637,0.193760638,0.169904496,0.257638911,0.23343939,0.127972292
0,audio/bachFischer1934/Bach_1_Fischer_1_minor_bachFischer1934.wav,-0.078301615,-0.204070517,-0.210689771,-0.210689772,-0.089264708,-0.337606917,-0.046886357,-0.157307524
0,audio/bachFischer1934/Bach_1_Fischer_2_Major_bachFischer1934.wav,-0.052856799,0.125865375,0.065686785,0.065686784,0.086410977,0.18034836,0.086709936,0.042726894
0,audio/bachFischer1934/Bach_1_Fischer_2_minor_bachFischer1934.wav,-0.131372461,-0.229821068,-0.018834709,-0.018834709,-0.097724159,-0.163813015,-0.119928473,-0.12434644
0,audio/bachFischer1934/Bach_1_Fischer_3_Major_bachFischer1934.wav,-0.051660214,0.239918467,0.15711406,0.157114059,0.160364216,0.268126039,0.163356503,0.118326685
0,audio/bachFischer1934/Bach_1_Fischer_3_minor_bachFischer1934.wav,-0.1237809,0.040449736,-0.084755735,-0.084755735,-0.014408188,-0.139425826,-0.009661997,-0.191023803
0,audio/bachFischer1934/Bach_1_Fischer_4_Major_bachFischer1934.wav,0.060944664,-0.100514129,0.192141439,0.192141439,0.176484413,0.141034342,0.214646983,0.090573885
0,audio/bachFischer1934/Bach_1_Fischer_4_minor_bachFischer1934.wav,-0.10266723,0.028200379,0.006349061,0.006349061,-0.030195577,-0.007371172,-0.00495408,-0.128714221
0,audio/bachFischer1934/Bach_1_Fischer_5_Major_bachFischer1934.wav,-0.180937319,-0.170465301,-0.126895006,-0.126895007,-0.032366327,0.041011749,-0.027052561,-0.224408189
0,audio/bachFischer1934/Bach_1_Fischer_5_minor_bachFischer1934.wav,-0.153915681,0.244067753,0.062901215,0.062901214,0.069954647,0.057336076,0.053820721,-0.084507772
0,audio/bachFischer1934/Bach_1_Fischer_6_Major_bachFischer1934.wav,0.122539877,0.190557296,0.312004433,0.312004434,0.356721743,0.283504649,0.360314509,0.106707022
0,audio/bachFischer1934/Bach_1_Fischer_6_minor_bachFischer1934.wav,-0.025266824,-0.061377237,0.05632016,0.056320159,-0.027639405,0.040731642,0.005648791,0.00952111
0,audio/bachFischer1934/Bach_1_Fischer_7_Major_bachFischer1934.wav,0.083023239,0.214952573,0.171156764,0.171156765,0.257625986,0.154361658,0.304228617,0.096594445
0,audio/bachFischer1934/Bach_1_Fischer_7_minor_bachFischer1934.wav,-0.290551189,0.10368839,0.040442705,0.040442704,-0.134646956,-0.179735188,-0.122094979,-0.041406567
0,audio/bachFischer1934/Bach_1_Fischer_8_Major_bachFischer1934.wav,-0.05681416,0.152452214,0.172018608,0.172018608,0.236861136,0.174457249,0.284730175,0.034634688
0,audio/bachFischer1934/Bach_1_Fischer_8_minor_bachFischer1934.wav,0.014878226,-0.153353219,-0.15563018,-0.15563018,-0.082099609,-0.268996044,0.004848128,-0.149958151
0,audio/bachFischer1934/Bach_1_Fischer_9_Major_bachFischer1934.wav,-0.107229172,0.016064418,0.100435989,0.100435989,0.075410626,0.186921143,0.098790082,-0.011445123
0,audio/bachFischer1934/Bach_1_Fischer_9_minor_bachFischer1934.wav,-0.253225928,-0.054155714,-0.298522958,-0.298522958,-0.325086961,-0.109377977,-0.314393356,-0.293242864
0,audio/bachGalling1964/Bach_1_Galling_0_Major_bachGalling1964.wav,0.167597054,0.217109879,0.158937649,0.158937649,0.248734073,0.251601836,0.241290271,0.168261998
0,audio/bachGalling1964/Bach_1_Galling_0_minor_bachGalling1964.wav,0.033082711,-0.043050488,-0.191147801,-0.191147801,-0.103508716,-0.04095658,-0.078914481,-0.000359227
0,audio/bachGalling1964/Bach_1_Galling_10_Major_bachGalling1964.wav,0.074227007,-0.027064703,0.163695797,0.163695797,0.185400051,0.038327826,0.209819912,0.100590533
0,audio/bachGalling1964/Bach_1_Galling_10_minor_bachGalling1964.wav,-0.186660323,-0.166085287,-0.182806655,-0.182806655,-0.260402535,-0.158583447,-0.278899879,-0.201448358
0,audio/bachGalling1964/Bach_1_Galling_11_Major_bachGalling1964.wav,-0.061994419,-0.28485016,-0.023987195,-0.023987195,-0.059577144,-0.219155233,-0.052295988,-0.151662032
0,audio/bachGalling1964/Bach_1_Galling_11_minor_bachGalling1964.wav,-0.089575727,-0.151367973,-0.123487983,-0.123487983,-0.110707387,-0.166001162,-0.11465561,-0.110103219
0,audio/bachGalling1964/Bach_1_Galling_1_Major_bachGalling1964.wav,0.058999727,0.27194008,0.316882996,0.316882996,0.296182782,0.25004047,0.290359312,0.033575289
0,audio/bachGalling1964/Bach_1_Galling_1_minor_bachGalling1964.wav,-0.156751126,-0.043798867,-0.07461967,-0.074619671,-0.054866317,-0.087547144,-0.037752513,-0.119967106
0,audio/bachGalling1964/Bach_1_Galling_2_Major_bachGalling1964.wav,-0.102792728,-0.045776791,0.036867748,0.036867748,0.00588376,0.086016273,-0.015421543,-0.07488885
0,audio/bachGalling1964/Bach_1_Galling_2_minor_bachGalling1964.wav,0.166471074,-0.030864379,0.353951986,0.353951985,0.126905504,-0.145135457,0.116807761,0.146453897
0,audio/bachGalling1964/Bach_1_Galling_3_Major_bachGalling1964.wav,-0.066353608,0.126733634,-0.023777495,-0.023777495,0.155035181,0.016151956,0.167999263,0.176533057
0,audio/bachGalling1964/Bach_1_Galling_3_minor_bachGalling1964.wav,0.047067591,0.051233778,0.141571914,0.141571913,0.022860856,0.058941968,-0.023585069,0.07955436
0,audio/bachGalling1964/Bach_1_Galling_4_Major_bachGalling1964.wav,0.092581602,0.19316324,0.276460054,0.276460054,0.276224323,0.168126503,0.275032471,0.028690148
0,audio/bachGalling1964/Bach_1_Galling_4_minor_bachGalling1964.wav,-0.008530934,-0.058032395,-0.000937471,-0.000937471,-0.114972895,-0.258579041,-0.12362058,-0.077792767
0,audio/bachGalling1964/Bach_1_Galling_5_Major_bachGalling1964.wav,0.143559702,0.075403912,0.199879328,0.199879327,0.162877079,0.092386543,0.17239922,0.099852302
0,audio/bachGalling1964/Bach_1_Galling_5_minor_bachGalling1964.wav,0.001832684,-0.118393099,-0.144220552,-0.144220552,-0.100009383,-0.029242532,-0.104743925,-0.070447075
0,audio/bachGalling1964/Bach_1_Galling_6_Major_bachGalling1964.wav,0.119327866,0.167210511,0.176358398,0.176358397,0.223323928,0.099222207,0.205871798,0.153410273
0,audio/bachGalling1964/Bach_1_Galling_6_minor_bachGalling1964.wav,-0.076366577,0.150647671,-0.001689942,-0.001689942,0.024264994,0.134945807,0.016346083,-0.014204464
0,audio/bachGalling1964/Bach_1_Galling_7_Major_bachGalling1964.wav,0.041894484,0.143321024,-0.047912362,-0.047912362,0.133463768,0.187229534,0.118037358,0.060297998
0,audio/bachGalling1964/Bach_1_Galling_7_minor_bachGalling1964.wav,0.01402249,-0.037009858,0.015329084,0.015329083,-0.018974415,-0.087457818,0.001233259,-0.037920209
0,audio/bachGalling1964/Bach_1_Galling_8_Major_bachGalling1964.wav,0.036458642,0.311773013,0.215952465,0.215952465,0.327424658,0.213500472,0.308155627,0.076495012
0,audio/bachGalling1964/Bach_1_Galling_8_minor_bachGalling1964.wav,0.149278531,0.259419145,0.204884384,0.204884383,0.158913398,0.054944138,0.163910205,0.104304667
0,audio/bachGalling1964/Bach_1_Galling_9_Major_bachGalling1964.wav,0.04476449,0.068207273,0.156357065,0.156357065,0.107396045,0.237446861,0.134142793,0.108499694
0,audio/bachGalling1964/Bach_1_Galling_9_minor_bachGalling1964.wav,-0.191428157,-0.11365681,-0.000845677,-0.000845677,-0.253669968,-0.1983332,-0.222447656,-0.211064255
0,audio/bachGould1971/Bach_1_Gould_0_Major_bachGould1971.wav,-0.006724649,-0.00906395,-0.124543033,-0.124543033,0.258266523,0.141523587,0.277241946,0.041269606
0,audio/bachGould1971/Bach_1_Gould_0_minor_bachGould1971.wav,-0.165295037,-0.241233336,-0.270631155,-0.270631155,-0.127486329,0.032074364,-0.130713875,-0.146834783
0,audio/bachGould1971/Bach_1_Gould_10_Major_bachGould1971.wav,0.076141502,-0.003539892,0.02062173,0.020621729,0.029327345,-0.163017909,-0.005028541,0.070414274
0,audio/bachGould1971/Bach_1_Gould_10_minor_bachGould1971.wav,-0.062740031,0.072558934,0.040151363,0.040151362,-0.226834098,-0.198002774,-0.236636159,-0.075915671
0,audio/bachGould1971/Bach_1_Gould_11_Major_bachGould1971.wav,0.007590042,0.063335729,0.051760823,0.051760823,0.023230108,0.040265304,-0.00411665,0.047927446
0,audio/bachGould1971/Bach_1_Gould_11_minor_bachGould1971.wav,0.206459321,0.162207551,-0.018025107,-0.018025108,0.123432745,0.015081645,0.089453467,0.226261115
0,audio/bachGould1971/Bach_1_Gould_1_Major_bachGould1971.wav,-0.002496496,0.023482513,0.126436962,0.126436963,0.094892489,0.065961399,0.190088986,-0.013900991
0,audio/bachGould1971/Bach_1_Gould_1_minor_bachGould1971.wav,-0.090412892,-0.056339909,-0.201822549,-0.20182255,-0.049933342,-0.088509912,-0.034333701,-0.097298226
0,audio/bachGould1971/Bach_1_Gould_2_Major_bachGould1971.wav,0.131692675,0.163586144,0.151819375,0.151819374,0.096185317,-0.013084461,0.101268766,0.194086716
0,audio/bachGould1971/Bach_1_Gould_2_minor_bachGould1971.wav,-0.078895615,-0.168714177,0.038759796,0.038759796,-0.076706474,-0.153128621,-0.129445171,-0.043536268
0,audio/bachGould1971/Bach_1_Gould_3_Major_bachGould1971.wav,0.074170941,0.170438734,0.135259896,0.135259895,0.231500935,0.257728995,0.255320891,0.079702708
0,audio/bachGould1971/Bach_1_Gould_3_minor_bachGould1971.wav,-0.112893187,-0.062518443,-0.085559315,-0.085559315,-0.17726481,-0.033606152,-0.162218412,-0.064119831
0,audio/bachGould1971/Bach_1_Gould_4_Major_bachGould1971.wav,0.044200987,0.260529612,0.212263387,0.212263387,0.239463994,0.11274566,0.29715219,0.031630318
0,audio/bachGould1971/Bach_1_Gould_4_minor_bachGould1971.wav,-0.005529898,-0.277106883,0.078262001,0.078262,-0.069578476,-0.17915488,-0.069495631,-0.015471309
0,audio/bachGould1971/Bach_1_Gould_5_Major_bachGould1971.wav,0.045007578,0.263529674,0.156628354,0.156628354,0.088397652,0.06605765,0.089687623,0.04664348
0,audio/bachGould1971/Bach_1_Gould_5_minor_bachGould1971.wav,-0.1201813,0.079255381,-0.055414615,-0.055414615,0.035285156,0.014990495,0.018254508,-0.067368286
0,audio/bachGould1971/Bach_1_Gould_6_Major_bachGould1971.wav,0.180274559,-0.062117335,0.170156283,0.170156283,0.222738603,0.10283439,0.178648053,0.266175078
0,audio/bachGould1971/Bach_1_Gould_6_minor_bachGould1971.wav,0.010907293,-0.004740564,-0.092786689,-0.092786689,0.139357319,0.123816124,0.134133201,0.116913601
0,audio/bachGould1971/Bach_1_Gould_7_Major_bachGould1971.wav,0.151198676,0.214152135,0.152920873,0.152920873,0.351285949,0.127656839,0.326169932,0.176711068
0,audio/bachGould1971/Bach_1_Gould_7_minor_bachGould1971.wav,-0.1291712,-0.145410995,-0.091537148,-0.091537149,-0.008159432,-0.076550342,0.01121283,-0.04966203
0,audio/bachGould1971/Bach_1_Gould_8_Major_bachGould1971.wav,0.102381301,0.074896883,0.231262531,0.231262531,0.294333174,0.184398323,0.311096606,0.062430926
0,audio/bachGould1971/Bach_1_Gould_8_minor_bachGould1971.wav,-0.13118815,-0.174940974,-0.102456882,-0.102456882,0.009223566,-0.007233864,0.048851269,-0.123245001
0,audio/bachGould1971/Bach_1_Gould_9_Major_bachGould1971.wav,0.051980502,0.021452606,0.008348158,0.008348157,0.164906752,0.140342933,0.153150209,0.103846991
0,audio/bachGould1971/Bach_1_Gould_9_minor_bachGould1971.wav,-0.250905306,0.039471222,0.020715989,0.020715989,-0.359709487,-0.195248335,-0.343660979,-0.334463889
0,audio/bachGulda1995/Bach_1_Gulda_0_Major_bachGulda.wav,0.05626838,0.020464742,0.16188386,0.161883861,0.341786203,0.125763427,0.360128331,0.078677825
0,audio/bachGulda1995/Bach_1_Gulda_0_minor_bachGulda.wav,-0.024517093,-0.028301748,-0.26559622,-0.26559622,-0.22219638,0.066194734,-0.248878193,-0.109625577
0,audio/bachGulda1995/Bach_1_Gulda_10_Major_bachGulda.wav,-0.084470946,-0.051632534,-0.021184927,-0.021184927,0.052730777,0.103671939,0.043678746,-0.046153484
0,audio/bachGulda1995/Bach_1_Gulda_10_minor_bachGulda.wav,-0.228592571,0.066393027,-0.023325013,-0.023325013,-0.250994942,-0.142758862,-0.235836495,-0.209212211
0,audio/bachGulda1995/Bach_1_Gulda_11_Major_bachGulda.wav,-0.263331516,-0.170206557,-0.014674702,-0.014674702,-0.090862686,-0.160215646,-0.064358404,-0.25114365
0,audio/bachGulda1995/Bach_1_Gulda_11_minor_bachGulda.wav,-0.071250979,-0.280234628,-0.176967439,-0.176967439,-0.080591693,-0.233380801,-0.0904346,-0.159732158
0,audio/bachGulda1995/Bach_1_Gulda_1_Major_bachGulda.wav,0.077901331,0.091892461,0.258949313,0.258949314,0.264482319,0.17230021,0.311737674,0.088291207
0,audio/bachGulda1995/Bach_1_Gulda_1_minor_bachGulda.wav,-0.180596817,-0.086673442,-0.115655036,-0.115655037,-0.067670585,-0.08388646,-0.027918949,-0.117286581
0,audio/bachGulda1995/Bach_1_Gulda_2_Major_bachGulda.wav,0.063982144,-0.077379333,0.016218017,0.016218017,0.020382978,-0.100698337,0.020338461,0.031448368
0,audio/bachGulda1995/Bach_1_Gulda_2_minor_bachGulda.wav,-0.13549155,-0.189936101,0.003371308,0.003371307,-0.061176846,0.085982294,-0.09393789,-0.091311406
0,audio/bachGulda1995/Bach_1_Gulda_3_Major_bachGulda.wav,0.078157752,0.173372013,0.066097115,0.066097115,0.181817285,0.195677506,0.205029586,0.157155865
0,audio/bachGulda1995/Bach_1_Gulda_3_minor_bachGulda.wav,0.064098458,0.007281017,0.150615683,0.150615682,0.05580485,0.070866983,0.014778722,0.116118498
0,audio/bachGulda1995/Bach_1_Gulda_4_Major_bachGulda.wav,0.032959405,0.193400669,0.154854778,0.154854777,0.258091352,0.092124661,0.288337169,-0.016384338
0,audio/bachGulda1995/Bach_1_Gulda_4_minor_bachGulda.wav,-0.021098466,-0.166315014,-0.038927478,-0.038927478,-0.022098368,-0.252083828,0.00433926,-0.078635413
0,audio/bachGulda1995/Bach_1_Gulda_5_Major_bachGulda.wav,-0.147784841,-0.164866646,-0.021171341,-0.021171341,-0.05416923,-0.039450388,-0.069195759,-0.188079325
0,audio/bachGulda1995/Bach_1_Gulda_5_minor_bachGulda.wav,-0.118404033,0.165027083,0.072735336,0.072735335,-0.066855804,0.03227232,-0.088339477,-0.044836528
0,audio/bachGulda1995/Bach_1_Gulda_6_Major_bachGulda.wav,0.028441473,0.077461675,0.209941628,0.209941629,0.248989843,0.156131768,0.225221327,0.072322719
0,audio/bachGulda1995/Bach_1_Gulda_6_minor_bachGulda.wav,0.083686017,-0.122276865,0.060865151,0.060865151,0.11000651,0.013733147,0.074421755,0.133509976
0,audio/bachGulda1995/Bach_1_Gulda_7_Major_bachGulda.wav,0.200471464,0.274490588,0.173180759,0.173180758,0.264016176,0.109112039,0.240097867,0.267621871
0,audio/bachGulda1995/Bach_1_Gulda_7_minor_bachGulda.wav,0.034523319,0.11015935,0.048674809,0.048674808,0.006067913,0.016150652,0.048790174,-0.020326017
0,audio/bachGulda1995/Bach_1_Gulda_8_Major_bachGulda.wav,0.121596691,0.107799116,0.280556795,0.280556795,0.347529231,0.214982903,0.360271254,0.127973336
0,audio/bachGulda1995/Bach_1_Gulda_8_minor_bachGulda.wav,-0.091287328,-0.158255767,-0.041209072,-0.041209072,0.010396993,0.089393274,0.017351053,-0.187439065
0,audio/bachGulda1995/Bach_1_Gulda_9_Major_bachGulda.wav,0.110364046,0.152857322,0.18569643,0.185696429,0.250898827,0.187698264,0.239973741,0.221582638
0,audio/bachGulda1995/Bach_1_Gulda_9_minor_bachGulda.wav,-0.157850237,-0.17213796,-0.299585959,-0.299585959,-0.26497599,-0.102115537,-0.260387527,-0.233518196
0,audio/bachHamilton1964/Bach_1_Hamilton_0_Major_bachHamilton1964.wav,0.038223366,0.249604164,0.255312955,0.255312954,0.341086994,0.177724308,0.31453814,0.047117301
0,audio/bachHamilton1964/Bach_1_Hamilton_0_minor_bachHamilton1964.wav,-0.101293851,0.147439574,0.034664286,0.034664285,-0.111249195,0.013537711,-0.124920412,-0.064638777
0,audio/bachHamilton1964/Bach_1_Hamilton_10_Major_bachHamilton1964.wav,0.010985391,0.05510708,-0.035876587,-0.035876587,0.070761674,0.038036941,0.092221107,0.04547083
0,audio/bachHamilton1964/Bach_1_Hamilton_10_minor_bachHamilton1964.wav,-0.010636092,-0.116680538,-0.153642266,-0.153642266,-0.211931682,-0.252902079,-0.179285191,-0.114351539
0,audio/bachHamilton1964/Bach_1_Hamilton_11_Major_bachHamilton1964.wav,0.024497728,0.101357413,0.112077039,0.112077039,-0.013678583,0.012423245,-0.007422081,0.043778015
0,audio/bachHamilton1964/Bach_1_Hamilton_11_minor_bachHamilton1964.wav,-0.203663093,-0.274327351,-0.222529237,-0.222529237,-0.067332772,-0.077483136,-0.05394801,-0.217268784
0,audio/bachHamilton1964/Bach_1_Hamilton_1_Major_bachHamilton1964.wav,0.068508852,0.153212996,0.175703024,0.175703024,0.246756447,0.144489017,0.258397987,0.189358637
0,audio/bachHamilton1964/Bach_1_Hamilton_1_minor_bachHamilton1964.wav,0.00010038,-0.011219396,-0.173271701,-0.173271701,-0.146159036,-0.133759062,-0.121704688,-0.093734067
0,audio/bachHamilton1964/Bach_1_Hamilton_2_Major_bachHamilton1964.wav,-0.017044558,0.158431619,0.187755655,0.187755655,0.067696354,-0.008003241,0.029572336,-0.018763708
0,audio/bachHamilton1964/Bach_1_Hamilton_2_minor_bachHamilton1964.wav,-0.00794342,-0.130384403,0.159289651,0.15928965,-0.04802912,-0.213974623,-0.102249664,-0.043409596
0,audio/bachHamilton1964/Bach_1_Hamilton_3_Major_bachHamilton1964.wav,0.154313979,0.091042829,0.117332337,0.117332337,0.174391828,0.089480744,0.194121717,0.179765345
0,audio/bachHamilton1964/Bach_1_Hamilton_3_minor_bachHamilton1964.wav,-0.114235281,-0.110021065,0.011437605,0.011437604,-0.159758489,-0.161834373,-0.143196631,-0.149296662
0,audio/bachHamilton1964/Bach_1_Hamilton_4_Major_bachHamilton1964.wav,0.116139624,0.227553344,0.156421239,0.156421238,0.283449607,0.123021508,0.255313479,0.127892083
0,audio/bachHamilton1964/Bach_1_Hamilton_4_minor_bachHamilton1964.wav,-0.005400135,-0.156350539,-0.02400902,-0.024009021,-0.168274183,-0.269040435,-0.168004855,-0.102733048
0,audio/bachHamilton1964/Bach_1_Hamilton_5_Major_bachHamilton1964.wav,-0.057796647,-0.0551441,-0.182385163,-0.182385163,-0.043632857,-0.05284777,-0.02130544,-0.106817779
0,audio/bachHamilton1964/Bach_1_Hamilton_5_minor_bachHamilton1964.wav,-0.125758454,-0.063147581,-0.175085408,-0.175085408,-0.068972793,-0.056953897,-0.074095988,-0.152742602
0,audio/bachHamilton1964/Bach_1_Hamilton_6_Major_bachHamilton1964.wav,-0.058279138,0.026961773,0.078038955,0.078038955,0.134458713,0.030840545,0.13480787,-0.060430343
0,audio/bachHamilton1964/Bach_1_Hamilton_6_minor_bachHamilton1964.wav,-0.005992363,0.197953399,0.22323723,0.223237229,0.054216499,-0.074636394,0.048759673,0.071716894
0,audio/bachHamilton1964/Bach_1_Hamilton_7_Major_bachHamilton1964.wav,-0.049450036,0.190185438,0.047698592,0.047698592,0.020412109,0.124898942,0.009832959,0.097782808
0,audio/bachHamilton1964/Bach_1_Hamilton_7_minor_bachHamilton1964.wav,-0.180739823,0.005524613,0.033837835,0.033837835,-0.115695782,-0.085759224,-0.108922095,-0.201769994
0,audio/bachHamilton1964/Bach_1_Hamilton_8_Major_bachHamilton1964.wav,0.066029922,0.238194187,0.321126822,0.321126823,0.272730797,0.258146797,0.253927035,0.11073039
0,audio/bachHamilton1964/Bach_1_Hamilton_8_minor_bachHamilton1964.wav,-0.02934341,0.147667416,0.132948219,0.132948218,0.09993028,0.174477341,0.077854143,0.070336083
0,audio/bachHamilton1964/Bach_1_Hamilton_9_Major_bachHamilton1964.wav,-0.018720406,-0.124943949,0.15814641,0.158146409,0.144805402,-0.034793007,0.152548055,0.103094704
0,audio/bachHamilton1964/Bach_1_Hamilton_9_minor_bachHamilton1964.wav,-0.042440207,-0.287853623,-0.12988215,-0.12988215,-0.221131606,-0.127477364,-0.197353996,-0.049902887
0,audio/bachKirkpatrick1963/Bach_1_Kirkpatrick_0_Major_bachKirkpatrick1963.wav,-0.026357067,0.292852713,0.054956754,0.054956753,0.191138244,0.31355765,0.054926898,-0.088671563
0,audio/bachKirkpatrick1963/Bach_1_Kirkpatrick_0_minor_bachKirkpatrick1963.wav,-0.080430688,-0.182370052,-0.163097132,-0.163097132,-0.220091468,-0.1058497,-0.186255262,-0.055001125
0,audio/bachKirkpatrick1963/Bach_1_Kirkpatrick_10_Major_bachKirkpatrick1963.wav,0.055032659,0.213734025,0.177091991,0.17709199,0.096909089,0.103395134,0.097433649,0.078706302
0,audio/bachKirkpatrick1963/Bach_1_Kirkpatrick_10_minor_bachKirkpatrick1963.wav,0.021409737,-0.222295396,-0.183293446,-0.183293446,-0.167261926,-0.217380567,-0.094952681,-0.011896573
0,audio/bachKirkpatrick1963/Bach_1_Kirkpatrick_11_Major_bachKirkpatrick1963.wav,0.069108215,-0.258957648,-0.311107265,-0.311107265,-0.196026663,-0.19719917,-0.205282938,0.067172637
0,audio/bachKirkpatrick1963/Bach_1_Kirkpatrick_11_minor_bachKirkpatrick1963.wav,-0.047178682,0.177911314,0.32301505,0.32301505,0.068105738,0.068149088,0.063155783,-0.035999033
0,audio/bachKirkpatrick1963/Bach_1_Kirkpatrick_1_Major_bachKirkpatrick1963.wav,-0.132459514,0.230022874,0.186300371,0.18630037,0.123013048,0.296562491,0.000392391,-0.100801012
0,audio/bachKirkpatrick1963/Bach_1_Kirkpatrick_1_minor_bachKirkpatrick1963.wav,0.023843966,-0.055026002,-0.054348531,-0.054348532,-0.065495985,-0.055872953,-0.033442892,-0.011463324
0,audio/bachKirkpatrick1963/Bach_1_Kirkpatrick_2_Major_bachKirkpatrick1963.wav,-0.137046001,0.113628118,0.111497318,0.111497318,0.214174864,0.009922514,0.171431367,-0.073057939
0,audio/bachKirkpatrick1963/Bach_1_Kirkpatrick_2_minor_bachKirkpatrick1963.wav,-0.063855926,0.044545582,0.13024101,0.130241009,-0.183794275,0.055645061,-0.235524256,-0.1778964
0,audio/bachKirkpatrick1963/Bach_1_Kirkpatrick_3_Major_bachKirkpatrick1963.wav,0.029608219,0.133092064,0.293566021,0.29356602,0.150363776,-0.003994575,0.109051306,0.066673702
0,audio/bachKirkpatrick1963/Bach_1_Kirkpatrick_3_minor_bachKirkpatrick1963.wav,-0.066478182,-0.200715424,-0.242967348,-0.242967348,-0.333117612,-0.00424364,-0.310837646,-0.13672419
0,audio/bachKirkpatrick1963/Bach_1_Kirkpatrick_4_Major_bachKirkpatrick1963.wav,0.015102773,0.176829764,0.240840053,0.240840052,0.203699518,0.131162184,0.199274697,0.073178042
0,audio/bachKirkpatrick1963/Bach_1_Kirkpatrick_4_minor_bachKirkpatrick1963.wav,-0.047166089,-0.302900967,-0.254976517,-0.254976516,-0.1532818,-0.112587276,-0.151451062,-0.04062175
0,audio/bachKirkpatrick1963/Bach_1_Kirkpatrick_5_Major_bachKirkpatrick1963.wav,-0.051043815,0.118100341,-0.156668946,-0.156668947,-0.038214683,0.192355092,-0.04894562,-0.058174457
0,audio/bachKirkpatrick1963/Bach_1_Kirkpatrick_5_minor_bachKirkpatrick1963.wav,-0.04793286,-0.192128773,0.034746276,0.034746276,-0.071564273,-0.192355938,-0.106871627,0.028089156
0,audio/bachKirkpatrick1963/Bach_1_Kirkpatrick_6_Major_bachKirkpatrick1963.wav,-0.095906932,0.05680047,0.010447473,0.010447473,0.027905955,0.035550242,0.002081494,-0.111906635
0,audio/bachKirkpatrick1963/Bach_1_Kirkpatrick_6_minor_bachKirkpatrick1963.wav,0.012681371,0.121239915,0.176116096,0.176116097,0.076617338,0.092368791,0.019835822,0.053080412
0,audio/bachKirkpatrick1963/Bach_1_Kirkpatrick_7_Major_bachKirkpatrick1963.wav,-0.019627241,-0.289902702,-0.014959663,-0.014959663,-0.100162264,-0.078759767,-0.065591582,-0.095220684
0,audio/bachKirkpatrick1963/Bach_1_Kirkpatrick_7_minor_bachKirkpatrick1963.wav,-0.019590531,-0.029937909,-0.009969028,-0.009969028,-0.02643519,0.05495383,-0.034505242,-0.050030269
0,audio/bachKirkpatrick1963/Bach_1_Kirkpatrick_8_Major_bachKirkpatrick1963.wav,0.048337442,0.243994734,0.315439992,0.315439992,0.134306961,0.197537378,0.090141425,0.068838295
0,audio/bachKirkpatrick1963/Bach_1_Kirkpatrick_8_minor_bachKirkpatrick1963.wav,0.013209,-0.042089125,0.165093379,0.165093378,-0.09260778,-0.117795397,-0.053366572,-0.117058112
0,audio/bachKirkpatrick1963/Bach_1_Kirkpatrick_9_Major_bachKirkpatrick1963.wav,0.028726022,0.253225176,0.315042011,0.315042011,0.189398057,0.269066499,0.122961132,0.031380508
0,audio/bachKirkpatrick1963/Bach_1_Kirkpatrick_9_minor_bachKirkpatrick1963.wav,-0.010928082,-0.210309172,-0.244264931,-0.244264931,-0.162438646,-0.369906741,-0.105055458,-0.016662655
0,audio/bachLandowska1951/Bach_1_Landowska_0_Major_bachLandowska1951.wav,0.009887654,0.345550701,0.129669133,0.129669132,0.178062763,0.322044647,0.12400136,-0.042244628
0,audio/bachLandowska1951/Bach_1_Landowska_0_minor_bachLandowska1951.wav,-0.077916589,-0.147695106,-0.252208226,-0.252208226,-0.101879274,-0.106879394,-0.070744493,-0.067532907
0,audio/bachLandowska1951/Bach_1_Landowska_10_Major_bachLandowska1951.wav,0.048200426,0.22032513,0.110779413,0.110779413,0.123654205,0.238478329,0.121309269,0.079231168
0,audio/bachLandowska1951/Bach_1_Landowska_10_minor_bachLandowska1951.wav,0.016742671,0.014425718,-0.120324969,-0.12032497,-0.111886822,-0.134116791,-0.163033086,-0.057620356
0,audio/bachLandowska1951/Bach_1_Landowska_11_Major_bachLandowska1951.wav,-0.116278986,-0.230301311,-0.145756233,-0.145756233,-0.040633426,-0.158641286,-0.046578426,-0.19016806
0,audio/bachLandowska1951/Bach_1_Landowska_11_minor_bachLandowska1951.wav,0.075239037,0.069610685,0.040936523,0.040936522,0.020132941,-0.04958628,0.014792969,-0.015621995
0,audio/bachLandowska1951/Bach_1_Landowska_1_Major_bachLandowska1951.wav,0.083137296,0.229812935,0.180480165,0.180480164,0.240347526,0.23705904,0.306531096,0.139978965
0,audio/bachLandowska1951/Bach_1_Landowska_1_minor_bachLandowska1951.wav,0.073521594,-0.14449722,-0.111605114,-0.111605114,-0.169368146,-0.107056556,-0.155279266,0.01545746
0,audio/bachLandowska1951/Bach_1_Landowska_2_Major_bachLandowska1951.wav,-0.068581671,0.00268137,0.158339055,0.158339055,0.02766628,0.091754817,0.001508043,-0.095406505
0,audio/bachLandowska1951/Bach_1_Landowska_2_minor_bachLandowska1951.wav,-0.026330368,0.203057437,0.302977071,0.30297707,-0.003200863,-0.089635284,-0.022989378,-0.015432903
0,audio/bachLandowska1951/Bach_1_Landowska_3_Major_bachLandowska1951.wav,0.02806924,-0.020534641,-0.099751459,-0.09975146,0.189658768,-0.033556807,0.15910957,0.105556851
0,audio/bachLandowska1951/Bach_1_Landowska_3_minor_bachLandowska1951.wav,-0.183094966,0.210307188,0.270257067,0.270257067,-0.036261394,-0.204562752,-0.071821763,-0.143904179
0,audio/bachLandowska1951/Bach_1_Landowska_4_Major_bachLandowska1951.wav,-0.148441455,0.140881889,0.020672688,0.020672688,0.169131027,0.176599042,0.158271293,-0.027842124
0,audio/bachLandowska1951/Bach_1_Landowska_4_minor_bachLandowska1951.wav,0.066262714,0.092865326,0.034489028,0.034489027,-0.07926094,0.082516369,-0.084337076,-0.069056509
0,audio/bachLandowska1951/Bach_1_Landowska_5_Major_bachLandowska1951.wav,0.029589441,-0.13015045,-0.063530197,-0.063530197,-0.17096806,-0.216448715,-0.107992761,-0.09274486
0,audio/bachLandowska1951/Bach_1_Landowska_5_minor_bachLandowska1951.wav,-0.093799553,-0.094560704,-0.130370806,-0.130370806,-0.080638481,-0.041010651,-0.06855389,-0.077445913
0,audio/bachLandowska1951/Bach_1_Landowska_6_Major_bachLandowska1951.wav,0.226425828,0.118356842,0.302713754,0.302713754,0.261491665,0.051613644,0.254610035,0.239276164
0,audio/bachLandowska1951/Bach_1_Landowska_6_minor_bachLandowska1951.wav,0.143884765,0.202550506,0.329920254,0.329920253,0.285289666,-0.023631719,0.273063009,0.250363175
0,audio/bachLandowska1951/Bach_1_Landowska_7_Major_bachLandowska1951.wav,-0.066857689,0.050176289,0.16485733,0.164857329,0.276041754,0.161266348,0.222627426,0.050859964
0,audio/bachLandowska1951/Bach_1_Landowska_7_minor_bachLandowska1951.wav,0.162467439,-0.172715721,-0.057379693,-0.057379693,-0.181614427,-0.103429684,-0.118728896,0.172837592
0,audio/bachLandowska1951/Bach_1_Landowska_8_Major_bachLandowska1951.wav,0.071876717,0.183541319,0.359192135,0.359192136,0.398933522,0.293479729,0.366177357,0.132644925
0,audio/bachLandowska1951/Bach_1_Landowska_8_minor_bachLandowska1951.wav,-0.094811137,-0.266693584,0.003870534,0.003870534,-0.070479846,-0.241782802,-0.037527534,-0.25974173
0,audio/bachLandowska1951/Bach_1_Landowska_9_Major_bachLandowska1951.wav,0.018988192,0.108351764,0.273445108,0.273445107,0.217141895,0.085681998,0.197443209,0.172317433
0,audio/bachLandowska1951/Bach_1_Landowska_9_minor_bachLandowska1951.wav,-0.327519642,-0.273822296,-0.311065771,-0.311065771,-0.301192138,-0.176189495,-0.262605334,-0.237198344
0,audio/bachLeonhardt1973/Bach_1_Leonhardt_0_Major_bachLeonhardt1973.wav,0.043076875,-0.229522957,-0.146475177,-0.146475178,0.120562168,0.005483251,0.150502554,-0.02931645
0,audio/bachLeonhardt1973/Bach_1_Leonhardt_0_minor_bachLeonhardt1973.wav,-0.184056803,-0.096081432,0.027688247,0.027688247,-0.089380338,-0.064321239,-0.109992386,-0.125558788
0,audio/bachLeonhardt1973/Bach_1_Leonhardt_10_Major_bachLeonhardt1973.wav,-0.063925255,0.050390304,0.042188963,0.042188963,0.064832744,-0.099319559,0.088559645,0.005649128
0,audio/bachLeonhardt1973/Bach_1_Leonhardt_10_minor_bachLeonhardt1973.wav,-0.199085121,-0.207238625,-0.213511233,-0.213511234,-0.209630104,-0.249102468,-0.174060386,-0.297920392
0,audio/bachLeonhardt1973/Bach_1_Leonhardt_11_Major_bachLeonhardt1973.wav,-0.135633426,-0.172927618,-0.030004841,-0.030004841,-0.135854591,-0.117456015,-0.154197944,-0.184742446
0,audio/bachLeonhardt1973/Bach_1_Leonhardt_11_minor_bachLeonhardt1973.wav,0.027673634,0.098726403,0.099719881,0.09971988,0.077078334,-0.109278614,0.093089961,0.016608758
0,audio/bachLeonhardt1973/Bach_1_Leonhardt_1_Major_bachLeonhardt1973.wav,0.170930989,0.227682359,0.155752508,0.155752508,0.258602744,0.214013105,0.261340303,0.222426143
0,audio/bachLeonhardt1973/Bach_1_Leonhardt_1_minor_bachLeonhardt1973.wav,-0.044284664,-0.045160929,-0.186261224,-0.186261225,-0.129510338,-0.101477345,-0.113910092,-0.02370619
0,audio/bachLeonhardt1973/Bach_1_Leonhardt_2_Major_bachLeonhardt1973.wav,0.021122698,0.191604498,0.216974414,0.216974413,0.22336466,0.105750925,0.169859903,-0.051080168
0,audio/bachLeonhardt1973/Bach_1_Leonhardt_2_minor_bachLeonhardt1973.wav,-0.053294827,-0.212250557,-0.023789881,-0.023789882,-0.067327102,-0.204646682,-0.06349399,-0.126179597
0,audio/bachLeonhardt1973/Bach_1_Leonhardt_3_Major_bachLeonhardt1973.wav,0.099302019,0.112271015,0.306633971,0.30663397,0.37458034,0.234564902,0.357641847,0.159219253
0,audio/bachLeonhardt1973/Bach_1_Leonhardt_3_minor_bachLeonhardt1973.wav,-0.115098713,0.066007402,0.156093659,0.156093658,-0.051591115,0.104621169,-0.091822738,-0.139925246
0,audio/bachLeonhardt1973/Bach_1_Leonhardt_4_Major_bachLeonhardt1973.wav,-0.029989822,0.17353437,0.212436905,0.212436905,0.311152479,0.247141384,0.285673937,0.041171052
0,audio/bachLeonhardt1973/Bach_1_Leonhardt_4_minor_bachLeonhardt1973.wav,-0.019234932,-0.124983879,-0.021172104,-0.021172104,-0.063707793,-0.09832418,-0.045221862,-0.109452507
0,audio/bachLeonhardt1973/Bach_1_Leonhardt_5_Major_bachLeonhardt1973.wav,-0.047977552,-0.025875627,-0.074762674,-0.074762675,-0.093502701,-0.154067817,-0.112484297,-0.09683412
0,audio/bachLeonhardt1973/Bach_1_Leonhardt_5_minor_bachLeonhardt1973.wav,-0.127653254,-0.152954716,-0.2674567,-0.2674567,-0.011267425,-0.009601357,-0.011668665,-0.163926633
0,audio/bachLeonhardt1973/Bach_1_Leonhardt_6_Major_bachLeonhardt1973.wav,-0.015739001,0.118463658,0.165467977,0.165467976,0.205238885,0.234833067,0.171229084,-0.029407884
0,audio/bachLeonhardt1973/Bach_1_Leonhardt_6_minor_bachLeonhardt1973.wav,0.089093799,0.242080193,0.195512108,0.195512108,0.051547608,0.045717293,0.043668592,0.098625789
0,audio/bachLeonhardt1973/Bach_1_Leonhardt_7_Major_bachLeonhardt1973.wav,0.056491486,-0.041975074,0.188367893,0.188367893,0.018175456,0.234938611,0.08878422,0.095533507
0,audio/bachLeonhardt1973/Bach_1_Leonhardt_7_minor_bachLeonhardt1973.wav,-0.029419621,-0.118679714,-0.106929075,-0.106929075,-0.10460935,-0.231210761,-0.095998354,-0.130468028
0,audio/bachLeonhardt1973/Bach_1_Leonhardt_8_Major_bachLeonhardt1973.wav,-0.002649768,0.240415377,0.230245715,0.230245714,0.264021353,0.158198517,0.331986154,0.202404835
0,audio/bachLeonhardt1973/Bach_1_Leonhardt_8_minor_bachLeonhardt1973.wav,-0.290597075,-0.025028815,0.006979935,0.006979935,-0.046439604,0.023957986,0.009436657,-0.078643923
0,audio/bachLeonhardt1973/Bach_1_Leonhardt_9_Major_bachLeonhardt1973.wav,0.138875945,0.21607091,0.402980504,0.402980503,0.286604404,0.218349434,0.239567774,0.164190297
0,audio/bachLeonhardt1973/Bach_1_Leonhardt_9_minor_bachLeonhardt1973.wav,0.075811501,-0.227481522,-0.226513827,-0.226513827,-0.151010126,-0.276255694,-0.131004735,-0.039769084
0,audio/bachMartins1964/Bach_1_Martins_0_Major_bachMartins1964.wav,-0.053910196,0.170329364,0.109983278,0.109983278,0.292772659,0.152941565,0.299455731,-0.046067242
0,audio/bachMartins1964/Bach_1_Martins_0_minor_bachMartins1964.wav,-0.164868171,-0.089202204,-0.139397866,-0.139397866,-0.248645302,-0.074449575,-0.265790692,-0.123463638
0,audio/bachMartins1964/Bach_1_Martins_10_Major_bachMartins1964.wav,0.241888073,0.215743225,0.158711781,0.158711781,0.149892442,0.172889839,0.15522317,0.22619383
0,audio/bachMartins1964/Bach_1_Martins_10_minor_bachMartins1964.wav,-0.163007202,-0.089915967,-0.179816916,-0.179816916,-0.179811217,-0.165631867,-0.204935468,-0.168667559
0,audio/bachMartins1964/Bach_1_Martins_11_Major_bachMartins1964.wav,-0.243129391,-0.067768952,-0.089619446,-0.089619447,-0.092171284,-0.021766871,-0.064309996,-0.175754041
0,audio/bachMartins1964/Bach_1_Martins_11_minor_bachMartins1964.wav,-0.14224198,-0.344263456,-0.150403869,-0.15040387,-0.082513221,-0.082347057,-0.063764624,-0.145143584
0,audio/bachMartins1964/Bach_1_Martins_1_Major_bachMartins1964.wav,0.11237613,0.119562255,0.237700864,0.237700864,0.201465864,0.145139167,0.275953593,0.113148223
0,audio/bachMartins1964/Bach_1_Martins_1_minor_bachMartins1964.wav,-0.167163897,-0.066379828,-0.27400887,-0.27400887,-0.098843825,-0.218821059,-0.105865338,-0.150248221
0,audio/bachMartins1964/Bach_1_Martins_2_Major_bachMartins1964.wav,0.012054022,-0.098235541,0.137534569,0.137534569,0.15671711,-0.083228401,0.141824922,0.12161815
0,audio/bachMartins1964/Bach_1_Martins_2_minor_bachMartins1964.wav,0.121536561,-0.040454704,0.289025395,0.289025395,0.101860822,-0.227181021,0.124617998,0.172919248
0,audio/bachMartins1964/Bach_1_Martins_3_Major_bachMartins1964.wav,-0.089599485,0.007162864,0.02299394,0.02299394,0.066019907,0.050910302,0.075906849,0.010188733
0,audio/bachMartins1964/Bach_1_Martins_3_minor_bachMartins1964.wav,-0.054410658,-0.009783296,-0.110024728,-0.110024728,-0.268571926,-0.094290363,-0.279013117,-0.05770546
0,audio/bachMartins1964/Bach_1_Martins_4_Major_bachMartins1964.wav,0.060636298,0.044037271,0.190204732,0.190204732,0.220257185,0.051891586,0.259139039,0.015416969
0,audio/bachMartins1964/Bach_1_Martins_4_minor_bachMartins1964.wav,-0.166713994,-0.115646954,-0.28449193,-0.28449193,-0.163326759,-0.151246249,-0.121630228,-0.243635623
0,audio/bachMartins1964/Bach_1_Martins_5_Major_bachMartins1964.wav,0.126879076,0.102730932,-0.005968799,-0.005968801,0.058202985,-0.026340359,0.087334031,0.107132113
0,audio/bachMartins1964/Bach_1_Martins_5_minor_bachMartins1964.wav,-0.045879434,0.10927068,0.063995766,0.063995765,-0.063175485,-0.080150529,-0.081574855,0.016243596
0,audio/bachMartins1964/Bach_1_Martins_6_Major_bachMartins1964.wav,0.115057211,0.229508444,0.138498395,0.138498394,0.279217707,0.07536772,0.269623815,0.164807877
0,audio/bachMartins1964/Bach_1_Martins_6_minor_bachMartins1964.wav,0.100311505,0.085016971,0.111179382,0.111179381,0.07722937,-0.044010437,0.063007156,0.092834865
0,audio/bachMartins1964/Bach_1_Martins_7_Major_bachMartins1964.wav,0.060418753,0.039438081,0.153884431,0.15388443,0.310007829,0.08461309,0.276558843,0.113529773
0,audio/bachMartins1964/Bach_1_Martins_7_minor_bachMartins1964.wav,-0.058074735,-0.007609664,-0.000752103,-0.000752104,-0.080994625,-0.126707968,-0.06450814,-0.029943528
0,audio/bachMartins1964/Bach_1_Martins_8_Major_bachMartins1964.wav,0.049932941,0.05958934,0.261337241,0.261337241,0.26352896,0.235369926,0.239253696,0.066073767
0,audio/bachMartins1964/Bach_1_Martins_8_minor_bachMartins1964.wav,0.055917414,-0.075804147,0.124754136,0.124754136,0.078567611,-0.011111512,0.09705185,0.077540724
0,audio/bachMartins1964/Bach_1_Martins_9_Major_bachMartins1964.wav,-0.06071539,0.22152765,0.236818642,0.236818642,0.216938872,-0.037147076,0.193350201,0.030619318
0,audio/bachMartins1964/Bach_1_Martins_9_minor_bachMartins1964.wav,-0.103619758,-0.225684313,-0.208490892,-0.208490891,-0.26219607,-0.171033289,-0.238796821,-0.158430106
0,audio/bachNewman1973/Bach_1_Newman_0_Major_bachNewman1973.wav,0.126628011,0.182217504,0.168469324,0.168469323,0.19189786,0.236652773,0.126729934,0.116654922
0,audio/bachNewman1973/Bach_1_Newman_0_minor_bachNewman1973.wav,-0.042005984,-0.107434011,-0.031257554,-0.031257555,-0.126617148,-0.105215146,-0.114328218,-0.097337588
0,audio/bachNewman1973/Bach_1_Newman_10_Major_bachNewman1973.wav,0.119225477,0.184196746,0.199071276,0.199071276,0.143196037,0.019948959,0.121953424,0.038207547
0,audio/bachNewman1973/Bach_1_Newman_10_minor_bachNewman1973.wav,-0.103030789,-0.042550178,-0.159346668,-0.159346668,-0.268893379,-0.202229394,-0.177561854,-0.119243459
0,audio/bachNewman1973/Bach_1_Newman_11_Major_bachNewman1973.wav,-0.039827607,0.179162089,0.222975276,0.222975277,0.00629331,0.072431279,-0.086587271,-0.050004461
0,audio/bachNewman1973/Bach_1_Newman_11_minor_bachNewman1973.wav,-0.169369862,-0.06706902,-0.078627001,-0.078627002,-0.228684221,-0.114921014,-0.226329307,-0.223872329
0,audio/bachNewman1973/Bach_1_Newman_1_Major_bachNewman1973.wav,0.138574928,0.162327446,0.19185057,0.19185057,0.201084061,0.221518126,0.194915994,0.163586568
0,audio/bachNewman1973/Bach_1_Newman_1_minor_bachNewman1973.wav,-0.015778374,-0.108060812,-0.220145119,-0.22014512,-0.131711685,-0.166862508,-0.146115733,-0.050797163
0,audio/bachNewman1973/Bach_1_Newman_2_Major_bachNewman1973.wav,-0.05351432,0.017334587,0.130387835,0.130387835,0.191673772,0.075298841,0.215990815,0.2090205
0,audio/bachNewman1973/Bach_1_Newman_2_minor_bachNewman1973.wav,-0.018964375,-0.126053025,0.055078676,0.055078675,-0.029261031,-0.224353492,-0.004022031,0.082193236
0,audio/bachNewman1973/Bach_1_Newman_3_Major_bachNewman1973.wav,-0.105216966,0.224046951,0.176849985,0.176849985,0.07544229,0.196477987,0.058493765,-0.117992698
0,audio/bachNewman1973/Bach_1_Newman_3_minor_bachNewman1973.wav,-0.10585721,0.000315821,-0.005616904,-0.005616905,-0.205155935,-0.16165747,-0.223595816,-0.147947881
0,audio/bachNewman1973/Bach_1_Newman_4_Major_bachNewman1973.wav,-0.12018977,0.005858813,0.20565422,0.20565422,0.211455433,0.010410038,0.202251664,-0.039459452
0,audio/bachNewman1973/Bach_1_Newman_4_minor_bachNewman1973.wav,-0.031623264,0.094723551,0.207384979,0.207384978,0.195642585,-0.018739055,0.162973976,0.103924186
0,audio/bachNewman1973/Bach_1_Newman_5_Major_bachNewman1973.wav,-0.036793466,-0.05444001,-0.030512115,-0.030512116,-0.049263776,-0.191684403,-0.039815785,-0.032881837
0,audio/bachNewman1973/Bach_1_Newman_5_minor_bachNewman1973.wav,0.055507994,-0.218699389,-0.186167376,-0.186167375,-0.08413956,-0.139363585,-0.102306557,0.002394918
0,audio/bachNewman1973/Bach_1_Newman_6_Major_bachNewman1973.wav,-0.004636174,0.22825129,0.156225527,0.156225527,0.045358806,0.274110397,0.034024845,-0.015907794
0,audio/bachNewman1973/Bach_1_Newman_6_minor_bachNewman1973.wav,-0.051563043,0.033160343,-0.144092529,-0.14409253,-0.087282838,0.115384224,-0.100570114,-0.066337659
0,audio/bachNewman1973/Bach_1_Newman_7_Major_bachNewman1973.wav,-0.107777594,0.27016753,0.104290748,0.104290747,0.180373737,0.283782855,0.152995866,-0.046750264
0,audio/bachNewman1973/Bach_1_Newman_7_minor_bachNewman1973.wav,0.087594544,-0.166709362,-0.070778243,-0.070778243,-0.160001552,-0.263028296,-0.149376073,0.011740887
0,audio/bachNewman1973/Bach_1_Newman_8_Major_bachNewman1973.wav,0.163868,0.106535973,0.289983095,0.289983095,0.241818648,0.193657372,0.197654424,0.172242635
0,audio/bachNewman1973/Bach_1_Newman_8_minor_bachNewman1973.wav,-0.058099979,0.156705405,0.18971316,0.18971316,0.075004487,0.122781823,0.062821137,-0.074883601
0,audio/bachNewman1973/Bach_1_Newman_9_Major_bachNewman1973.wav,0.077765567,0.265877592,0.115165514,0.115165513,0.097351436,0.104013504,0.077474483,0.087132217
0,audio/bachNewman1973/Bach_1_Newman_9_minor_bachNewman1973.wav,-0.170128467,-0.103631639,-0.142366554,-0.142366553,-0.316579935,-0.274722211,-0.157944145,-0.10440922
0,audio/bachNewman2001harpsichord/Bach_1_Newman_0_Major_bachNewman2001harpsichord.wav,0.087319264,-0.01814254,0.065740757,0.065740757,0.214267759,0.143267553,0.207511455,0.079104444
0,audio/bachNewman2001harpsichord/Bach_1_Newman_0_minor_bachNewman2001harpsichord.wav,-0.134349736,0.11116256,-0.030351606,-0.030351606,-0.076019461,-0.055509682,-0.059855488,-0.06937522
0,audio/bachNewman2001harpsichord/Bach_1_Newman_10_Major_bachNewman2001harpsichord.wav,0.125331197,0.013696122,0.170511939,0.170511938,0.118146426,-0.020613155,0.098222804,0.155439828
0,audio/bachNewman2001harpsichord/Bach_1_Newman_10_minor_bachNewman2001harpsichord.wav,-0.204962445,-0.069192198,-0.197652092,-0.197652092,-0.209824526,-0.155940054,-0.238400493,-0.256148345
0,audio/bachNewman2001harpsichord/Bach_1_Newman_11_Major_bachNewman2001harpsichord.wav,-0.009843737,-0.034063929,0.07446873,0.07446873,0.030204138,-0.111504282,-0.000981319,-0.008306748
0,audio/bachNewman2001harpsichord/Bach_1_Newman_11_minor_bachNewman2001harpsichord.wav,-0.055047316,-0.190106925,0.070231998,0.070231998,0.025294287,-0.275747166,0.024281433,-0.221504314
0,audio/bachNewman2001harpsichord/Bach_1_Newman_1_Major_bachNewman2001harpsichord.wav,0.130197906,0.266057836,0.25768457,0.25768457,0.291045785,0.273380064,0.311260518,0.152014393
0,audio/bachNewman2001harpsichord/Bach_1_Newman_1_minor_bachNewman2001harpsichord.wav,-0.051913439,0.083109067,0.003234744,0.003234743,-0.085799974,-0.15053784,-0.071994869,-0.054620388
0,audio/bachNewman2001harpsichord/Bach_1_Newman_2_Major_bachNewman2001harpsichord.wav,0.053668649,-0.15736878,0.218987667,0.218987667,0.210210764,0.072991847,0.267252739,0.082466456
0,audio/bachNewman2001harpsichord/Bach_1_Newman_2_minor_bachNewman2001harpsichord.wav,-0.052318742,-0.002804361,-2.05E-06,-2.05E-06,-0.135121968,-0.128082462,-0.130447099,0.010964866
0,audio/bachNewman2001harpsichord/Bach_1_Newman_3_Major_bachNewman2001harpsichord.wav,0.05861018,0.17507944,0.293065242,0.293065241,0.327521489,0.204484149,0.30618033,0.057203236
0,audio/bachNewman2001harpsichord/Bach_1_Newman_3_minor_bachNewman2001harpsichord.wav,-0.172797285,-0.033541002,-0.041250084,-0.041250084,-0.150028068,-0.070180721,-0.129730047,-0.122935796
0,audio/bachNewman2001harpsichord/Bach_1_Newman_4_Major_bachNewman2001harpsichord.wav,0.116784884,0.154619764,0.211442076,0.211442077,0.26629439,0.130531675,0.257708486,0.100116525
0,audio/bachNewman2001harpsichord/Bach_1_Newman_4_minor_bachNewman2001harpsichord.wav,-0.196675737,-0.139713365,-0.134456819,-0.134456819,-0.088315376,-0.147253205,-0.097109143,-0.177695094
0,audio/bachNewman2001harpsichord/Bach_1_Newman_5_Major_bachNewman2001harpsichord.wav,-0.112168673,0.22657717,-0.136128419,-0.13612842,-0.065744421,-0.055003958,-0.042600338,-0.074600575
0,audio/bachNewman2001harpsichord/Bach_1_Newman_5_minor_bachNewman2001harpsichord.wav,-0.216853542,-0.289786223,-0.233335756,-0.233335756,-0.216930071,-0.251362318,-0.155752189,-0.221182498
0,audio/bachNewman2001harpsichord/Bach_1_Newman_6_Major_bachNewman2001harpsichord.wav,-0.049304282,0.006023451,0.116881457,0.116881457,0.115261592,-0.008252089,0.087087726,0.006813938
0,audio/bachNewman2001harpsichord/Bach_1_Newman_6_minor_bachNewman2001harpsichord.wav,0.143757091,0.156167879,0.238120318,0.238120317,0.186840193,0.095835535,0.148850742,0.207705988
0,audio/bachNewman2001harpsichord/Bach_1_Newman_7_Major_bachNewman2001harpsichord.wav,0.129081241,0.060522413,0.280097825,0.280097825,0.225013866,0.093534223,0.239725322,0.165373864
0,audio/bachNewman2001harpsichord/Bach_1_Newman_7_minor_bachNewman2001harpsichord.wav,0.057609404,0.087441806,-0.008200402,-0.008200402,0.015940078,-0.034643389,0.021294351,0.040862553
0,audio/bachNewman2001harpsichord/Bach_1_Newman_8_Major_bachNewman2001harpsichord.wav,0.089805092,0.25232553,0.318967471,0.318967471,0.3267863,0.202070016,0.283656302,0.12748459
0,audio/bachNewman2001harpsichord/Bach_1_Newman_8_minor_bachNewman2001harpsichord.wav,0.056480784,0.237392869,0.012039202,0.012039202,0.139249146,0.224066806,0.168655906,0.218536678
0,audio/bachNewman2001harpsichord/Bach_1_Newman_9_Major_bachNewman2001harpsichord.wav,0.190197903,0.029117959,0.315136271,0.31513627,0.403192129,0.215257235,0.37710764,0.219131503
0,audio/bachNewman2001harpsichord/Bach_1_Newman_9_minor_bachNewman2001harpsichord.wav,-0.128635358,-0.172472195,-0.272220515,-0.272220514,-0.210765402,-0.007636843,-0.201689315,-0.156265307
0,audio/bachNewman2001piano/Bach_1_Newman_0_Major_bachNewman2001piano.wav,0.027211706,-0.071643457,-0.071631771,-0.071631772,0.255664328,0.117379877,0.291112332,0.070170895
0,audio/bachNewman2001piano/Bach_1_Newman_0_minor_bachNewman2001piano.wav,-0.046213351,-0.092485018,-0.071011645,-0.071011646,-0.221562542,-0.060173471,-0.230013458,-0.061091809
0,audio/bachNewman2001piano/Bach_1_Newman_10_Major_bachNewman2001piano.wav,-0.144250904,-0.144858994,-0.192546469,-0.192546469,-0.060515516,0.058486152,-0.088833613,-0.105491774
0,audio/bachNewman2001piano/Bach_1_Newman_10_minor_bachNewman2001piano.wav,-0.10779796,-0.010217909,-0.106844725,-0.106844725,-0.219613435,-0.185219375,-0.232836615,-0.175974965
0,audio/bachNewman2001piano/Bach_1_Newman_11_Major_bachNewman2001piano.wav,-0.277864315,-0.222433053,-0.030029915,-0.030029915,-0.127466769,-0.148560484,-0.096010743,-0.321172885
0,audio/bachNewman2001piano/Bach_1_Newman_11_minor_bachNewman2001piano.wav,0.15058929,0.131846008,0.226930044,0.226930043,0.081905662,-0.101741388,0.052908745,0.134723798
0,audio/bachNewman2001piano/Bach_1_Newman_1_Major_bachNewman2001piano.wav,0.069302614,0.047640087,0.217055325,0.217055325,0.279724994,0.245676351,0.264968257,0.119143247
0,audio/bachNewman2001piano/Bach_1_Newman_1_minor_bachNewman2001piano.wav,-0.227960611,-0.127407181,-0.236760485,-0.236760485,-0.283389726,-0.290736362,-0.268501813,-0.249691402
0,audio/bachNewman2001piano/Bach_1_Newman_2_Major_bachNewman2001piano.wav,0.012746064,0.091972322,0.154127025,0.154127026,0.268024767,0.104116192,0.247815973,0.023735013
0,audio/bachNewman2001piano/Bach_1_Newman_2_minor_bachNewman2001piano.wav,-0.240843081,-0.178066883,-0.024810531,-0.024810531,-0.076080077,-0.160097833,-0.059148693,-0.204540131
0,audio/bachNewman2001piano/Bach_1_Newman_3_Major_bachNewman2001piano.wav,-0.001023257,0.008572983,0.097693244,0.097693245,0.09825329,0.121003505,0.163371065,-0.002527461
0,audio/bachNewman2001piano/Bach_1_Newman_3_minor_bachNewman2001piano.wav,-0.022318504,-0.125491969,0.08604065,0.08604065,-0.052633789,0.029754262,-0.031188389,-0.023344666
0,audio/bachNewman2001piano/Bach_1_Newman_4_Major_bachNewman2001piano.wav,0.036876477,-0.105294629,-0.021453439,-0.021453439,0.094249243,0.143316891,0.059786859,0.006430201
0,audio/bachNewman2001piano/Bach_1_Newman_4_minor_bachNewman2001piano.wav,-0.09855146,0.303826954,0.209471594,0.209471593,-0.037601204,-0.116433649,-0.020445997,-0.061419864
0,audio/bachNewman2001piano/Bach_1_Newman_5_Major_bachNewman2001piano.wav,-0.086339464,-0.24674393,-0.372935627,-0.372935627,-0.249802146,-0.042093065,-0.262444514,-0.121950324
0,audio/bachNewman2001piano/Bach_1_Newman_5_minor_bachNewman2001piano.wav,-0.166393622,-0.205601986,0.163721192,0.163721193,-0.09745796,-0.16237525,-0.121107154,-0.192663736
0,audio/bachNewman2001piano/Bach_1_Newman_6_Major_bachNewman2001piano.wav,0.01858017,0.258306927,0.271758315,0.271758314,0.252635854,0.058194564,0.197179014,0.093927408
0,audio/bachNewman2001piano/Bach_1_Newman_6_minor_bachNewman2001piano.wav,0.090390752,0.15989221,0.232194417,0.232194416,-0.024177344,0.100660104,-0.035004278,0.131179724
0,audio/bachNewman2001piano/Bach_1_Newman_7_Major_bachNewman2001piano.wav,0.083668628,0.085123973,0.155331219,0.15533122,0.250109608,0.091169014,0.296283059,0.095418494
0,audio/bachNewman2001piano/Bach_1_Newman_7_minor_bachNewman2001piano.wav,-0.09290319,-0.061863221,-0.086977031,-0.086977032,-0.089108769,-0.044927528,-0.096476525,-0.145940771
0,audio/bachNewman2001piano/Bach_1_Newman_8_Major_bachNewman2001piano.wav,0.119224561,0.246840268,0.322042121,0.322042122,0.368987863,0.220801037,0.368338314,0.104073008
0,audio/bachNewman2001piano/Bach_1_Newman_8_minor_bachNewman2001piano.wav,-0.065103975,0.176836322,0.07327509,0.07327509,0.00209935,-0.072627868,0.039166287,0.032474064
0,audio/bachNewman2001piano/Bach_1_Newman_9_Major_bachNewman2001piano.wav,0.069523382,0.037849306,0.330416038,0.330416037,0.291273913,0.2954386,0.23997391,0.098276922
0,audio/bachNewman2001piano/Bach_1_Newman_9_minor_bachNewman2001piano.wav,-0.04057581,-0.011841842,-0.15692238,-0.15692238,-0.23035132,-0.070060955,-0.200000174,-0.183652486
0,audio/bachRichter1970/Bach_1_Richter_0_Major_bachRichter1970.wav,0.018836619,0.110840298,0.130332409,0.130332408,0.21200523,0.172977837,0.185792126,0.003541817
0,audio/bachRichter1970/Bach_1_Richter_0_minor_bachRichter1970.wav,-0.006076602,-0.064399356,-0.238337969,-0.238337969,-0.190952184,0.012411954,-0.200522583,0.03538323
0,audio/bachRichter1970/Bach_1_Richter_10_Major_bachRichter1970.wav,0.019432422,-0.116823822,-0.006053847,-0.006053847,0.135247238,0.051020775,0.084552613,0.065972866
0,audio/bachRichter1970/Bach_1_Richter_10_minor_bachRichter1970.wav,-0.033113169,-0.355152838,-0.206110109,-0.206110109,-0.292840644,-0.230795297,-0.176129658,-0.030979037
0,audio/bachRichter1970/Bach_1_Richter_11_Major_bachRichter1970.wav,-0.020782939,0.044825338,0.07800551,0.07800551,-0.045603826,-0.126153161,-0.054989779,-0.027506984
0,audio/bachRichter1970/Bach_1_Richter_11_minor_bachRichter1970.wav,0.134534676,-0.01310354,-0.029674183,-0.029674184,-0.030632465,-0.142032665,0.017866748,0.185596779
0,audio/bachRichter1970/Bach_1_Richter_1_Major_bachRichter1970.wav,-0.152172467,0.067603077,0.104101392,0.104101393,0.116144958,0.207650333,0.016405155,-0.237954723
0,audio/bachRichter1970/Bach_1_Richter_1_minor_bachRichter1970.wav,0.058327361,0.035993401,-0.06788727,-0.06788727,0.008326209,-0.256366077,0.032676152,0.100671754
0,audio/bachRichter1970/Bach_1_Richter_2_Major_bachRichter1970.wav,-0.113913748,0.059283039,0.212803092,0.212803091,0.213088941,0.288210785,0.233849795,-0.139501322
0,audio/bachRichter1970/Bach_1_Richter_2_minor_bachRichter1970.wav,-0.054674003,-0.177591607,-0.033495192,-0.033495191,-0.113680973,-0.182079328,-0.114228524,-0.025974468
0,audio/bachRichter1970/Bach_1_Richter_3_Major_bachRichter1970.wav,0.122270429,0.191403951,0.003182635,0.003182635,0.113365299,0.030449098,0.148190047,0.092063203
0,audio/bachRichter1970/Bach_1_Richter_3_minor_bachRichter1970.wav,-0.136560939,0.080350375,0.126342029,0.126342029,-0.035554408,-0.073700354,-0.023998497,-0.107898407
0,audio/bachRichter1970/Bach_1_Richter_4_Major_bachRichter1970.wav,-0.112530092,0.098555287,-0.114859234,-0.114859235,0.280037024,0.232114819,0.267747594,-0.108339486
0,audio/bachRichter1970/Bach_1_Richter_4_minor_bachRichter1970.wav,0.061280004,-0.041283199,0.077461137,0.077461137,0.066108329,0.000512486,0.089376371,0.078455657
0,audio/bachRichter1970/Bach_1_Richter_5_Major_bachRichter1970.wav,-0.049121814,-0.174519549,-0.162546667,-0.162546666,0.072730424,-0.010459164,0.036073042,-0.069457055
0,audio/bachRichter1970/Bach_1_Richter_5_minor_bachRichter1970.wav,-0.047215373,-0.155309602,-0.056490006,-0.056490006,-0.001988178,-0.02287342,0.046769618,-0.003292982
0,audio/bachRichter1970/Bach_1_Richter_6_Major_bachRichter1970.wav,0.165950001,-0.090873232,0.125350936,0.125350935,0.357803419,-0.019492805,0.334358973,0.203928998
0,audio/bachRichter1970/Bach_1_Richter_6_minor_bachRichter1970.wav,0.044394351,0.26675481,0.1866092,0.186609199,0.143354803,0.126278014,0.160111067,0.090947913
0,audio/bachRichter1970/Bach_1_Richter_7_Major_bachRichter1970.wav,0.042806306,-0.072940512,0.170781837,0.170781836,0.263119074,0.168407798,0.272314713,0.046536628
0,audio/bachRichter1970/Bach_1_Richter_7_minor_bachRichter1970.wav,0.048327189,0.133992586,-0.128249773,-0.128249773,0.028391455,-0.02290629,0.029797606,0.055515547
0,audio/bachRichter1970/Bach_1_Richter_8_Major_bachRichter1970.wav,-0.12436344,0.045623085,0.124319156,0.124319157,0.119356575,0.167849848,0.101428668,-0.135951559
0,audio/bachRichter1970/Bach_1_Richter_8_minor_bachRichter1970.wav,-0.180877987,0.176447814,0.206535389,0.206535389,0.238435175,0.228203894,0.236633534,-0.132203393
0,audio/bachRichter1970/Bach_1_Richter_9_Major_bachRichter1970.wav,0.017774614,-0.092480025,-0.069588065,-0.069588065,-0.063720255,-0.061917594,-0.026111367,-0.008109844
0,audio/bachRichter1970/Bach_1_Richter_9_minor_bachRichter1970.wav,-0.043305059,0.098216401,-0.04903281,-0.049032811,-0.190441126,-0.127503086,-0.164387627,-0.039347249
0,audio/bachTureck1953/Bach_1_Tureck_0_Major_bachTureck1953.wav,-0.195705518,0.1191197,0.246304994,0.246304994,0.091647943,0.227581524,0.050379294,-0.117205836
0,audio/bachTureck1953/Bach_1_Tureck_0_minor_bachTureck1953.wav,-0.06342419,-0.171162584,-0.113763154,-0.113763154,-0.184019536,-0.036941902,-0.166594388,-0.080208364
0,audio/bachTureck1953/Bach_1_Tureck_10_Major_bachTureck1953.wav,-0.060208299,-0.003810771,0.116218603,0.116218603,-0.00087086,-0.203098431,-0.00563746,-0.067194683
0,audio/bachTureck1953/Bach_1_Tureck_10_minor_bachTureck1953.wav,-0.102435173,0.199198513,0.065124737,0.065124736,-0.087750181,0.108774551,-0.184655483,0.007951452
0,audio/bachTureck1953/Bach_1_Tureck_11_Major_bachTureck1953.wav,-0.146416391,-0.006246336,-0.082385688,-0.082385688,-0.132441072,-0.111555325,-0.138515134,-0.185499276
0,audio/bachTureck1953/Bach_1_Tureck_11_minor_bachTureck1953.wav,0.037944933,-0.161700679,0.141868248,0.141868247,0.056529057,-0.023123971,0.030685815,0.118957713
0,audio/bachTureck1953/Bach_1_Tureck_1_Major_bachTureck1953.wav,0.097727578,-0.015077817,0.001494232,0.001494233,-0.012952064,0.127209865,0.040960489,0.102392282
0,audio/bachTureck1953/Bach_1_Tureck_1_minor_bachTureck1953.wav,-0.288264173,-0.280140946,-0.191586769,-0.191586769,-0.184582526,-0.276560112,-0.191618972,-0.300024779
0,audio/bachTureck1953/Bach_1_Tureck_2_Major_bachTureck1953.wav,0.048496081,-0.322866643,0.000286922,0.000286921,0.100971725,-0.054536892,0.080379386,0.026087166
0,audio/bachTureck1953/Bach_1_Tureck_2_minor_bachTureck1953.wav,-0.113576445,-0.141210691,0.057357949,0.057357948,-0.075608164,0.060321956,-0.107365742,-0.103078713
0,audio/bachTureck1953/Bach_1_Tureck_3_Major_bachTureck1953.wav,-0.085923345,-0.025348701,-0.032271501,-0.032271501,0.127577681,0.186518478,0.177686736,-0.008504566
0,audio/bachTureck1953/Bach_1_Tureck_3_minor_bachTureck1953.wav,-0.124243985,0.179647745,0.075442934,0.075442934,-0.178430583,-0.216265427,-0.156950474,-0.079810878
0,audio/bachTureck1953/Bach_1_Tureck_4_Major_bachTureck1953.wav,-0.008516804,-0.135055447,-0.018961695,-0.018961695,0.195601297,0.142407605,0.203234673,-0.039263315
0,audio/bachTureck1953/Bach_1_Tureck_4_minor_bachTureck1953.wav,-0.107609289,-0.062893273,0.129959362,0.129959361,0.023776665,-0.004242744,-0.002179933,-0.031635612
0,audio/bachTureck1953/Bach_1_Tureck_5_Major_bachTureck1953.wav,-0.17187285,-0.164685237,-0.113164999,-0.113164999,-0.127457467,-0.084117549,-0.153687435,-0.179019467
0,audio/bachTureck1953/Bach_1_Tureck_5_minor_bachTureck1953.wav,-0.026368556,0.127452055,0.095787067,0.095787066,-0.071853495,-0.019962088,-0.09779176,0.038999058
0,audio/bachTureck1953/Bach_1_Tureck_6_Major_bachTureck1953.wav,0.078757049,-0.02523128,0.125170668,0.125170668,0.129607244,0.246880432,0.142163918,0.007570828
0,audio/bachTureck1953/Bach_1_Tureck_6_minor_bachTureck1953.wav,0.1135604,-0.245935065,-0.019148379,-0.01914838,0.080413152,-0.054834502,0.142894926,0.075582027
0,audio/bachTureck1953/Bach_1_Tureck_7_Major_bachTureck1953.wav,0.173149731,0.23621518,0.290353326,0.290353326,0.214270419,0.280931464,0.196254474,0.22392926
0,audio/bachTureck1953/Bach_1_Tureck_7_minor_bachTureck1953.wav,-0.00646338,-0.063066011,-0.195546545,-0.195546545,-0.093754972,-0.117620151,-0.093482831,-0.041702743
0,audio/bachTureck1953/Bach_1_Tureck_8_Major_bachTureck1953.wav,0.138811446,0.208595146,0.358700435,0.358700435,0.348017005,0.215170595,0.379032829,0.163331035
0,audio/bachTureck1953/Bach_1_Tureck_8_minor_bachTureck1953.wav,-0.228751492,-0.060196005,-0.099257653,-0.099257653,-0.108550043,-0.101535371,-0.06612118,-0.194149587
0,audio/bachTureck1953/Bach_1_Tureck_9_Major_bachTureck1953.wav,0.091009971,-0.206089374,0.068112737,0.068112737,0.249682548,0.067955136,0.243078802,0.172029029
0,audio/bachTureck1953/Bach_1_Tureck_9_minor_bachTureck1953.wav,-0.161582329,0.073731877,0.012322207,0.012322208,-0.259247134,-0.068785019,-0.246420172,-0.247311801
